:       LST, W/m2, m/s , m/s , Deg , Deg , m/s ,Deg C,Deg C,Deg C,  %  ,  %  ,  %  ,Deg C,Deg C,Deg C, mm  , mm  ,mbar , W/m2,Deg C, W/m2,volts,volts,volts,Deg C,     
: Date/Time, Solar ,  Wind , Wind  , Wind  ,Std Dev,Mx Gust, Mx Air, Mn Air, Av Air,Mx Rel ,Mn Rel ,  Rel  ,4" Soil,4" Soil,4" Soil, Precip, Accum , Barom , Rl in ,Pyrgeo1,Rl in  ,Max Bat,Min Bat,Battery,Dat Pan,Station
:YYMMDDhhmm,  Rad. ,  Speed,Vec Mag, Direc ,Wnd Dir, Speed ,  Temp ,  Temp ,  Temp ,Humidty,Humidty,Humidty,Mx Temp,Mn Temp,Av Temp,       , Pcpn  , Press ,uncorr., Temp. ,       , Volts , Volts ,Voltage,  Temp , Id. # 
2110230000,0,4.435,4.238,272.2,17.13,8.516,8.87,8.5,8.67,44.93,43.28,44.01,13.83,13.77,13.8,0,72.14,859.5,-22.51,10.85,346.5,12.14,11.99,12.07,11.1,2621
2110230010,0,5.195,5.025,284.6,14.48,10.82,8.6,8.07,8.3,46.65,44.04,45.49,13.81,13.75,13.77,0,72.14,859.4,-23.62,10.45,343.3,12.14,11.98,12.03,11.06,2621
2110230020,0,4.712,4.493,286.9,17.54,7.34,8.24,7.71,7.92,49.53,46.58,48.24,13.78,13.73,13.75,0,72.14,859.3,-23.62,10.16,341.8,12.05,11.98,11.99,10.97,2621
2110230030,0,4.555,4.359,283.2,16.85,8.664,7.91,7.68,7.78,50.06,49.03,49.54,13.77,13.71,13.73,0,72.14,859.3,-23.62,10.03,341.2,12.05,11.97,11.99,10.87,2621
2110230040,0,4.757,4.587,282.8,15.15,8.467,7.91,7.48,7.71,53.13,49.69,51.26,13.74,13.68,13.71,0,72.14,859.2,-21.12,9.81,342.5,12.04,11.96,11.98,10.74,2621
2110230050,0,4.265,4.077,279.9,17.02,7.68,7.54,7.01,7.27,56.34,52.74,54.93,13.72,13.66,13.69,0,72.14,859.3,-23.13,9.39,338.3,12.04,11.96,11.98,10.61,2621
2110230100,0,4.461,4.318,283.4,14.49,7.291,7.18,6.915,7.03,56.97,55.98,56.55,13.7,13.64,13.67,0,72.14,859.2,-23.65,9.24,337.1,12.12,11.96,12.04,10.48,2621
2110230110,0,4.22,4.059,277,15.8,8.86,7.38,7.01,7.16,56.34,54.23,55.49,13.68,13.62,13.65,0,72.14,859,-27.48,9.34,333.8,12.12,11.95,12,10.32,2621
2110230120,0,3.161,2.987,274,19.07,5.82,7.38,7.15,7.27,55.12,53.76,54.47,13.65,13.59,13.62,0,72.14,858.8,-25.55,9.36,335.8,12.03,11.94,11.97,10.16,2621
2110230130,0,2.332,2.228,274.7,17.11,4.444,7.51,7.28,7.4,54.13,53,53.66,13.64,13.57,13.6,0,72.14,858.6,-23.62,9.38,337.8,12.02,11.94,11.96,10.05,2621
2110230140,0,2.461,2.327,279.6,18.84,5.132,7.81,7.44,7.62,53.27,51.88,52.72,13.62,13.55,13.58,0,72.14,858.8,-23.76,9.36,337.6,12.02,11.94,11.95,9.91,2621
2110230150,0,1.23,1.167,276.8,17.29,2.827,7.87,7.68,7.77,52.94,51.94,52.42,13.59,13.53,13.56,0,72.14,859.1,-23.62,9.43,338,12.02,11.94,11.95,9.83,2621
2110230200,0,1.159,0.8682,61.04,39.85,2.68,7.87,7.44,7.69,55.68,51.78,53.26,13.57,13.5,13.53,0,72.14,859.3,-25.36,9.4,336.2,12.09,11.93,12.01,9.8,2621
2110230210,0,2.111,1.427,69.93,46.09,4.345,7.58,7.21,7.36,56.97,53.63,55.65,13.55,13.48,13.5,0,72.14,859.4,-25.06,9.19,335.4,12.1,11.93,11.98,9.79,2621
2110230220,0,1.39,0.6089,289.9,60.73,4.202,7.68,7.34,7.5,55.52,51.22,53.49,13.52,13.45,13.48,0,72.14,859.5,-23.62,9.25,337.2,12,11.92,11.94,9.75,2621
2110230230,0,3.228,2.982,286.4,22.25,6.898,7.97,7.58,7.81,51.45,50.39,50.81,13.49,13.42,13.46,0,72.14,859.2,-23.62,9.58,338.8,12,11.92,11.94,9.66,2621
2110230240,0,3.773,3.496,262.9,21.99,7.291,7.84,7.58,7.74,52.11,51.12,51.55,13.46,13.4,13.43,0,72.14,859.2,-23.62,9.8,340,11.99,11.92,11.93,9.63,2621
2110230250,0,2.756,2.344,278.9,31.3,6.701,7.74,7.51,7.61,53.04,51.75,52.42,13.45,13.39,13.41,0,72.14,859,-23.62,9.64,339.1,12,11.91,11.93,9.66,2621
2110230300,0,2.751,2.531,256.6,22.92,5.378,7.68,7.44,7.57,53.47,52.61,53.1,13.43,13.36,13.39,0,72.14,859.1,-23.62,9.42,338,12.08,11.91,11.99,9.72,2621
2110230310,0,1.9,1.656,249,29.01,5.914,7.68,7.48,7.58,54.29,53,53.59,13.4,13.33,13.36,0,72.14,859.1,-23.62,9.41,337.9,12.08,11.9,11.96,9.69,2621
2110230320,0,1.933,1.735,249.4,25.92,3.268,7.61,7.25,7.44,56.38,54.16,55.33,13.37,13.32,13.34,0,72.14,859,-23.62,9.38,337.8,11.98,11.9,11.92,9.66,2621
2110230330,0,2.027,1.88,277.3,21.79,3.956,7.41,7.21,7.32,56.68,55.49,55.99,13.35,13.29,13.32,0,72.14,859.1,-23.62,9.3,337.4,11.98,11.9,11.92,9.65,2621
2110230340,0,2.533,2.258,265.1,26.71,5.476,7.48,7.28,7.37,56.25,55.22,55.64,13.33,13.27,13.29,0,72.14,859.1,-23.62,9.44,338.1,11.97,11.89,11.91,9.64,2621
2110230350,0,2.591,2.461,234.5,18.21,5.378,7.48,7.25,7.37,56.71,55.62,56.08,13.31,13.25,13.27,0,72.14,859.1,-23.62,9.41,338,11.98,11.89,11.9,9.57,2621
2110230400,0,2.543,2.321,205.2,23.92,5.82,7.48,7.21,7.36,56.91,56.21,56.56,13.28,13.23,13.25,0,72.14,859,-23.63,9.45,338.2,12.05,11.89,11.97,9.54,2621
2110230410,0,2.106,1.389,234.9,47.28,3.465,7.48,7.18,7.37,57.34,56.41,56.75,13.27,13.21,13.23,0,72.14,859.2,-23.63,9.33,337.5,12.06,11.88,11.93,9.52,2621
2110230420,0,1.93,1.858,259.7,15.68,3.219,7.51,7.28,7.39,57.31,56.48,56.9,13.25,13.19,13.21,0,72.14,859.3,-23.63,9.3,337.4,11.96,11.88,11.89,9.46,2621
2110230430,0,2.35,2.213,260.3,19.54,3.809,7.58,7.28,7.39,57.47,56.74,57.11,13.23,13.17,13.19,0,72.14,859.4,-23.63,9.38,337.8,11.96,11.87,11.89,9.42,2621
2110230440,0,1.892,1.758,219,21.52,3.71,7.58,7.35,7.48,57.44,56.58,56.93,13.2,13.15,13.17,0,72.14,859.3,-24.77,9.42,336.9,11.95,11.87,11.88,9.39,2621
2110230450,0,2.053,1.829,221.6,26.74,3.317,7.61,7.38,7.48,57.8,56.94,57.34,13.19,13.13,13.15,0,72.14,859.5,-23.63,9.39,337.8,11.96,11.87,11.88,9.38,2621
2110230500,0,2.65,2.542,269.4,16.31,4.444,7.61,7.35,7.46,58.4,57.47,57.87,13.16,13.1,13.13,0,72.14,859.5,-23.63,9.44,338.1,12.04,11.87,11.95,9.38,2621
2110230510,0,3.509,3.38,287.3,15.42,6.898,7.81,7.31,7.57,58.5,56.08,57.17,13.15,13.09,13.11,0,72.14,859.5,-23.63,9.52,338.5,12.04,11.86,11.91,9.39,2621
2110230520,0,3.147,2.986,262.9,18.24,6.701,7.91,7.62,7.74,57.04,55.99,56.53,13.13,13.07,13.09,0,72.14,859.5,-23.63,9.78,339.8,11.94,11.86,11.88,9.4,2621
2110230530,0,1.859,1.57,164.4,31.93,3.465,7.85,7.38,7.68,58.47,56.35,57.08,13.11,13.04,13.08,0,72.14,859.3,-23.63,9.54,338.6,11.94,11.85,11.87,9.45,2621
2110230540,0,1.845,1.713,138.7,21.71,2.925,7.48,7.05,7.26,59.49,58.23,58.88,13.09,13.02,13.06,0,72.14,859.3,-30.01,9.13,330.1,11.93,11.85,11.86,9.45,2621
2110230550,0,0.9075,0.836,111,21.99,2.091,7.18,6.917,7.04,60.09,59.26,59.69,13.07,13.01,13.04,0,72.14,859.3,-32.32,8.64,325.3,11.93,11.85,11.86,9.42,2621
2110230600,0,0.6169,0.3608,173.2,46.19,1.405,7.05,6.72,6.893,60.25,59.33,59.68,13.05,13,13.02,0,72.14,859.4,-42.86,8.19,312.5,12.02,11.84,11.93,9.37,2621
2110230610,1,1.574,1.489,314,18.84,2.533,6.853,6.557,6.714,61.18,59.76,60.51,13.04,12.97,13,0,72.14,859.3,-53.92,7.8,299.5,12.02,11.84,11.9,9.29,2621
2110230620,2,1.016,0.3867,121,58.6,2.729,7.22,6.59,6.973,61.02,57.61,58.81,13.01,12.96,12.99,0,72.14,859.3,-59.84,7.73,293.2,11.92,11.83,11.85,9.15,2621
2110230630,7,2.763,2.41,89,28.93,5.87,7.15,6.693,6.99,61.22,58.17,59.65,13,12.95,12.97,0,72.14,859.2,-70.19,8.01,284.3,11.91,11.83,11.85,8.93,2621
2110230640,22,1.713,1.538,131.6,25.92,2.876,7.16,6.827,6.998,60.49,58.9,59.54,12.98,12.93,12.95,0,72.14,859.2,-64.08,8.2,291.3,11.9,11.83,11.85,8.77,2621
2110230650,38,0.9866,0.7546,125.8,39.29,1.895,7.46,6.96,7.24,59.11,58.08,58.49,12.96,12.9,12.93,0,72.14,859.1,-64.33,8.2,291.1,12.55,11.85,11.96,8.67,2621
2110230700,88,0.6026,0.5601,110.9,17.47,2.043,8.75,7.32,7.99,59.07,55.23,57.49,12.95,12.88,12.91,0,72.14,859.2,-66.69,9.21,293.9,13.18,12.56,12.92,8.72,2621
2110230710,92,0.8297,0.772,104.9,19.23,2.238,8.88,8.45,8.67,56.43,54.47,55.63,12.91,12.86,12.88,0,72.14,859.2,-76.69,10.18,288.9,13.11,12.68,12.85,8.83,2621
2110230720,128,0.5981,0.5758,64.29,13.48,1.65,8.88,8.48,8.71,55.53,54.34,54.92,12.89,12.83,12.86,0,72.14,859.2,-76.29,10.43,290.5,13.26,12.51,12.83,9.01,2621
2110230730,149,0.523,0.5136,96.6,10.71,0.8655,10.23,8.85,9.73,54.67,50.2,51.7,12.86,12.8,12.83,0,72.14,859.4,-87.59,12.06,287.7,13.24,12.91,13.04,9.35,2621
2110230740,182,0.9683,0.9379,140.6,14.4,1.699,10.63,10.17,10.35,51.19,48.94,50.18,12.84,12.77,12.8,0,72.14,859.5,-93.29,13.1,287.5,13.26,12.85,13.08,9.83,2621
2110230750,171,1.117,0.9254,133.4,33.52,2.14,10.56,9.37,10.02,53,48.94,50.8,12.81,12.76,12.78,0,72.14,859.5,-83.49,13.39,298.9,13.12,12.67,12.87,10.32,2621
2110230800,247,0.6947,0.6259,119.6,22.99,1.699,10.39,9.46,10.02,53.04,49.79,51.33,12.8,12.73,12.76,0,72.14,859.4,-76.09,13.92,309.2,13.18,12.98,13.07,10.86,2621
2110230810,176,0.7564,0.7171,66.34,14.99,2.238,10.36,9.23,9.53,52.74,49.26,51.48,12.77,12.72,12.74,0,72.14,859.5,-72.29,13.82,312.4,12.99,12.63,12.76,11.36,2621
2110230820,164,0.8427,0.6442,51.39,38.75,1.65,9.26,8.87,9.05,54.16,52.41,53.43,12.76,12.71,12.73,0,72.14,859.2,-67.32,12.91,312.5,12.69,12.59,12.62,11.76,2621
2110230830,361,0.9026,0.6589,54.99,39.97,2.043,10.02,9.03,9.37,53.66,50.42,52.63,12.76,12.7,12.73,0,72.14,859.1,-67.94,13.77,316.5,13.44,12.65,13.13,12.06,2621
2110230840,493,1.057,0.1198,11.75,76,2.091,11.12,9.93,10.59,51.41,46.52,48.77,12.76,12.7,12.73,0,72.14,859.3,-81.59,17.13,321.2,13.45,13.35,13.39,12.46,2621
2110230850,489,0.9929,0.9053,239.8,23.35,1.895,11.28,10.26,10.71,50.26,46.15,48.17,12.77,12.72,12.74,0,72.14,859.5,-82.69,19.09,331,13.4,13.12,13.32,13.14,2621
2110230900,472,0.7872,0.3563,39.48,56.65,1.895,12.11,11.25,11.74,47.08,44.1,45.27,12.8,12.73,12.76,0,72.14,859.4,-78.89,19.97,339.8,13.41,13.18,13.31,14.02,2621
2110230910,299,0.7671,0.4944,35.09,45.1,1.895,12.17,11.27,11.7,46.58,43.63,45.2,12.81,12.76,12.78,0,72.14,859.4,-67.69,19.65,349.2,13.4,12.73,12.97,14.92,2621
2110230920,213,1.258,1.12,126.4,26.23,2.925,11.57,10.97,11.32,47.33,44.39,45.77,12.85,12.78,12.82,0,72.14,859.5,-53.32,17.19,349.8,12.82,12.7,12.73,15.64,2621
2110230930,225,1.77,1.637,133.1,22.22,3.268,11.07,10.7,10.85,47.96,46.24,46.93,12.91,12.83,12.87,0,72.14,859.3,-47.07,15.33,345.8,12.83,12.58,12.75,16.04,2621
2110230940,227,1.496,1.301,308.2,28.02,3.072,11.27,10.11,10.76,48.12,44.82,46.44,12.97,12.87,12.93,0,72.14,859.3,-42.89,15.14,348.9,12.8,12.72,12.73,16.08,2621
2110230950,228,1.781,1.569,310.5,27.98,2.778,10.57,10.11,10.26,49.15,47.56,48.16,13.05,12.95,12.99,0,72.14,859.3,-39.36,14.53,349.1,12.8,12.69,12.72,15.99,2621
2110231000,189,1.423,1.135,135.1,35.82,2.729,11.03,10.47,10.84,47.76,44.09,45.85,13.11,13.01,13.07,0,72.14,859.3,-39.36,14.55,349.2,12.79,12.64,12.73,15.87,2621
2110231010,159,1.078,0.8118,142.4,39.38,3.76,11.1,10.7,10.87,46.93,44.42,45.46,13.19,13.08,13.14,0,72.14,859.3,-38.27,14.36,349.3,12.78,12.56,12.64,15.73,2621
2110231020,140,1.806,1.103,161.1,50.54,3.317,11.23,10.7,10.95,46.63,43.46,45.51,13.26,13.16,13.21,0,72.14,859.5,-31.59,14.26,355.4,12.63,12.47,12.53,15.56,2621
2110231030,98,3.138,2.988,231,17.8,6.701,10.87,10.07,10.49,57.19,45.91,49.22,13.33,13.23,13.28,0,72.14,859.7,-21.57,13.16,359.6,12.52,12.39,12.44,15.34,2621
2110231040,87,4.05,3.751,264.1,22.02,8.221,10.07,8.42,9.15,63.9,55.5,59.3,13.4,13.29,13.34,0,72.14,859.9,-9.009,10.47,358,12.44,12.25,12.39,15.09,2621
2110231050,141,4.564,4.283,274.8,20.14,8.614,8.52,7.86,8.15,65.02,58.34,61.66,13.46,13.37,13.41,0,72.14,859.9,-9.289,9.6,353.3,12.56,12.4,12.46,14.7,2621
2110231100,184,4.157,3.889,269.2,20.56,8.467,7.99,7.56,7.77,70.1,62.18,64.95,13.49,13.41,13.46,0,72.14,859.8,-12.45,9.31,348.6,12.77,12.37,12.61,14.17,2621
2110231110,176,3.764,3.594,272.7,17.1,7.877,7.73,7.53,7.65,69.69,63.02,66.13,13.55,13.47,13.5,0,72.14,859.8,-15.79,9.79,347.7,12.77,12.54,12.62,13.53,2621
2110231120,173,4.22,4.068,286.3,15.27,8.319,7.97,7.64,7.83,67.65,63.02,64.94,13.57,13.51,13.54,0,72.14,859.7,-19.27,10.56,348.2,12.67,12.53,12.58,12.95,2621
2110231130,298,3.246,3.065,291.3,18.97,7.291,8.47,7.8,8.08,66.73,60.68,63.56,13.61,13.54,13.57,0,72.14,859.6,-27.45,11.2,343.4,13.48,12.65,12.88,12.55,2621
2110231140,440,3.111,2.61,270.4,32.5,6.554,9.33,8.3,8.86,64.41,56.67,60.01,13.61,13.56,13.58,0,72.14,859.5,-37.2,12.98,343,13.49,12.93,13.21,12.39,2621
2110231150,754,3.567,3.348,269.9,20.01,7.144,10.52,9.26,9.83,60.88,53.1,56.9,13.62,13.57,13.6,0,72.14,859.4,-57.21,15.09,334.3,13.46,13.26,13.4,12.47,2621
2110231200,715,3.679,3.42,270.4,21.57,6.898,11.08,10.55,10.82,56.34,50.72,52.89,13.63,13.57,13.61,0,72.14,859.3,-65.23,16.83,335.8,13.42,13.21,13.39,13,2621
2110231210,447,3.474,3.106,259,26.36,6.455,11.67,10.42,11.13,54.19,49.16,51.24,13.65,13.58,13.62,0,72.14,859.4,-44.4,16.65,355.7,13.42,12.91,13.16,13.85,2621
2110231220,244,2.913,2.546,280.9,28.76,5.034,10.77,10.22,10.45,55.01,51.71,53.14,13.65,13.6,13.63,0,72.14,859.2,-31.58,14.93,359.1,12.97,12.82,12.87,14.59,2621
2110231230,188,2.912,2.598,271.3,26.6,4.64,10.74,10.14,10.48,55.04,51.67,53.02,13.69,13.62,13.66,0,72.14,858.9,-31.49,14.37,356.2,12.87,12.7,12.76,15,2621
2110231240,162,2.564,2.224,255,29.48,3.76,10.74,10.21,10.5,54.67,51.47,52.81,13.74,13.66,13.7,0,72.14,858.9,-31.49,14.16,355,12.78,12.65,12.7,15.15,2621
2110231250,171,2.232,2.101,249.5,19.64,4.394,10.77,10.37,10.58,53.25,51.63,52.28,13.8,13.7,13.75,0,72.14,858.9,-31.46,14.03,354.4,13.06,12.63,12.72,15.14,2621
2110231300,335,2.31,2.026,281.2,28.44,3.661,10.9,10.44,10.67,53.25,51.1,52.02,13.84,13.76,13.8,0,72.14,858.9,-36.02,14.75,353.7,13.47,13,13.25,15.14,2621
2110231310,201,2.039,1.291,242.3,49.06,5.771,11.83,10.64,11.25,52.49,48.35,50.77,13.9,13.82,13.86,0,72.14,858.5,-31.89,15.26,360.6,13.45,12.66,12.91,15.18,2621
2110231320,117,1.336,1.077,247.5,35.23,2.778,11.83,11.07,11.35,50.57,48.42,49.7,13.96,13.86,13.91,0,72.14,858.8,-31.49,15,359.6,12.71,12.57,12.62,15.26,2621
2110231330,118,2.326,2.143,283.7,22.7,5.575,11.13,10.47,10.74,54.41,49.94,52.3,14,13.92,13.96,0,72.14,858.7,-26.19,14.27,360.9,12.67,12.53,12.56,15.34,2621
2110231340,168,3.121,2.857,252.3,23.58,5.427,10.7,9.84,10.37,68.93,53.38,60.78,14.04,13.96,14,0,72.14,858.8,-11.5,12.22,364.7,12.8,12.51,12.62,15.27,2621
2110231350,217,3.237,3.001,274.9,21.92,5.427,10.01,9.38,9.61,71.5,64.4,67.33,14.1,14.01,14.05,0,72.14,859,-12.32,11.24,358.7,12.82,12.7,12.77,15.11,2621
2110231400,291,3.621,3.411,258.1,19.43,7.193,10.17,9.45,9.76,70.3,62.41,65.73,14.12,14.05,14.08,0,72.14,858.8,-25.08,12.68,353.6,13.49,12.82,13.14,14.86,2621
2110231410,398,2.865,2.674,256.5,20.89,6.013,11.23,10.11,10.79,67.41,59,62.25,14.16,14.08,14.12,0,72.14,858.6,-35.97,14.81,354,13.49,13.12,13.36,14.69,2621
2110231420,376,3.706,3.433,266,22.05,6.996,10.9,10.54,10.76,62.48,58.28,60.16,14.18,14.11,14.14,0,72.14,858.6,-39.55,14.96,351.3,13.43,12.99,13.27,14.69,2621
2110231430,304,3.5,3.201,262.4,23.59,6.996,11.27,10.77,11.03,60.29,57.02,58.43,14.2,14.13,14.17,0,72.14,858.6,-43.82,15.35,349.1,13.42,12.71,13.13,14.79,2621
2110231440,226,3.25,3.084,254,18.21,5.964,11.36,11,11.16,58.54,55.3,56.66,14.22,14.16,14.19,0,72.14,858.5,-38.39,14.78,351.5,13.43,12.67,12.95,14.96,2621
2110231450,253,3.134,2.858,250.4,24,5.132,11.7,11.2,11.49,56.52,53.28,54.68,14.24,14.18,14.21,0,72.14,858.6,-38.96,15.13,352.8,13.46,12.83,13.04,15.13,2621
2110231500,162,3.697,3.536,255.3,16.77,6.357,11.7,11.03,11.22,54.84,52.79,53.93,14.26,14.21,14.23,0,72.14,858.3,-31.79,14.67,357.5,12.93,12.72,12.83,15.27,2621
2110231510,101,3.585,3.447,274.1,15.91,6.455,11.17,10.41,10.83,56.09,53.84,54.98,14.29,14.22,14.25,0,72.14,858.3,-31.49,13.95,353.9,12.9,12.52,12.64,15.27,2621
2110231520,90,3.657,3.514,273.9,16.13,7.144,10.54,10.17,10.35,57.38,55.56,56.49,14.31,14.25,14.28,0,72.14,858.3,-26.19,13.37,356.1,12.57,12.47,12.49,15.15,2621
2110231530,87,2.517,2.41,264.4,16.72,4.345,10.57,10.17,10.39,57.45,56.46,56.89,14.34,14.27,14.3,0,72.14,858.2,-23.61,13.37,358.7,12.54,12.44,12.47,14.98,2621
2110231540,70,2.941,2.826,260,16.01,5.181,10.67,10.34,10.51,57.52,56.09,56.59,14.37,14.3,14.33,0,72.14,858.2,-23.64,13.39,358.7,12.5,12.4,12.42,14.78,2621
2110231550,55,2.963,2.853,275,15.59,6.062,10.8,10.38,10.62,57.02,55.6,56.31,14.38,14.32,14.35,0,72.14,858.5,-26.22,13.34,355.9,12.48,12.34,12.38,14.54,2621
2110231600,51,3.42,3.254,274.1,17.97,5.87,10.54,10.24,10.38,57.16,56.2,56.59,14.39,14.34,14.37,0,72.14,858.5,-25.08,12.97,355.1,12.58,12.33,12.42,14.36,2621
2110231610,82,3.482,3.299,274,18.57,5.378,10.44,10.24,10.35,57.36,56.26,56.77,14.4,14.35,14.38,0,72.14,858.1,-27.26,13.04,353.3,12.65,12.33,12.45,14.19,2621
2110231620,35,3.487,3.322,276,17.62,6.554,10.41,10.05,10.23,57.86,56.6,57.32,14.41,14.36,14.39,0,72.14,858,-23.62,12.74,355.3,12.39,12.29,12.32,14,2621
2110231630,12,4.104,3.925,267.2,16.84,6.504,10.22,9.62,9.96,59.41,57.33,58.27,14.41,14.37,14.39,0,72.14,858.2,-23.26,12.49,354.3,12.36,12.29,12.3,13.83,2621
2110231640,4,3.371,3.187,275.4,18.97,6.799,9.78,8.99,9.42,67.35,59.38,63.23,14.42,14.37,14.39,0,72.14,858.3,-14.41,11.3,356.9,12.35,12.28,12.29,13.65,2621
2110231650,3,3.795,3.603,267,18.29,7.533,9.06,8.6,8.79,70.6,66.36,68.44,14.41,14.36,14.39,0,72.14,858.3,-8.639,9.97,355.8,12.34,12.26,12.28,13.4,2621
2110231700,2,3.572,3.42,270.3,16.86,6.603,8.7,8.1,8.37,75,69.67,72.4,14.41,14.36,14.38,0,72.14,858.3,-7.879,9.12,352.2,12.4,12.25,12.32,13.08,2621
2110231710,1,2.967,2.803,266.6,19.04,5.28,8.24,7.97,8.08,74.5,71.8,73.1,14.4,14.35,14.37,0,72.14,858.2,-9.149,9.2,351.3,12.4,12.25,12.29,12.67,2621
2110231720,0,3.415,3.295,266.1,15.21,6.16,8.27,8.04,8.12,72.9,70.9,71.7,14.4,14.33,14.36,0,72.14,858,-15.06,9.61,347.5,12.31,12.23,12.25,12.24,2621
2110231730,0,2.754,2.639,260.8,16.55,6.16,8.37,8.01,8.19,72.9,70.7,71.8,14.39,14.31,14.34,0,72.14,857.8,-15.74,9.95,348.6,12.3,12.22,12.24,11.88,2621
2110231740,0,3.104,2.998,249,14.97,5.476,8.57,8.24,8.42,72,69.28,70.8,14.34,14.28,14.31,0,72.14,858,-15.74,10.17,349.7,12.28,12.22,12.23,11.53,2621
2110231750,0,2.767,2.587,248.3,20.62,4.055,8.57,8.34,8.48,71.2,69.64,70.4,14.32,14.25,14.29,0,72.14,857.9,-15.74,10.33,350.5,12.28,12.21,12.22,11.29,2621
2110231800,0,2.566,2.448,249.2,17.43,4.886,8.6,8.4,8.5,71.6,69.15,70.1,14.29,14.21,14.25,0,72.14,858,-15.74,10.44,351.2,12.35,12.2,12.27,11.15,2621
2110231810,0,2.529,2.409,240.7,17.63,3.858,8.7,8.47,8.58,70.7,68.68,69.44,14.24,14.17,14.21,0,72.14,858.1,-20.25,10.5,346.9,12.35,12.2,12.25,11.09,2621
2110231820,0,1.86,1.753,241.2,19.39,3.465,8.7,8.44,8.56,70.6,68.42,69.47,14.21,14.14,14.18,0,72.14,858,-23.78,10.4,342.9,12.26,12.18,12.2,11.04,2621
2110231830,0,1.86,1.764,242.2,18.35,3.072,8.64,8.4,8.52,70.7,68.82,69.78,14.17,14.1,14.14,0,72.14,858,-31.39,10.16,334,12.26,12.18,12.2,10.96,2621
2110231840,0,2.082,2.008,242.8,15.29,3.514,8.67,8.47,8.55,70.5,68.78,69.76,14.13,14.05,14.09,0,72.14,857.8,-31.5,10.19,334.1,12.24,12.16,12.19,10.9,2621
2110231850,0,2.211,2.132,245.4,15.27,3.465,8.67,8.44,8.55,70.4,68.68,69.38,14.09,14.02,14.05,0,72.14,857.8,-24.24,10.22,341.5,12.24,12.16,12.19,10.88,2621
2110231900,0,1.556,1.508,255.1,14.17,2.925,8.64,8.44,8.53,69.98,68.68,69.27,14.05,13.97,14.01,0,72.14,857.7,-36.33,10.16,329.1,12.32,12.16,12.23,10.88,2621
2110231910,0,1.45,1.332,271.3,23.12,2.974,8.64,8.4,8.52,69.64,68.29,68.9,14.01,13.94,13.97,0,72.14,857.8,-36.66,10.16,328.8,12.31,12.15,12.2,10.81,2621
2110231920,0,1.485,1.449,273.9,12.53,2.385,8.64,8.44,8.52,69.74,68.19,68.92,13.97,13.89,13.93,0,72.14,857.9,-21.2,10.13,344.1,12.22,12.15,12.16,10.73,2621
2110231930,0,0.7314,0.6066,288.6,33.44,1.258,8.7,8.47,8.59,69.45,68.32,68.97,13.92,13.85,13.89,0,72.14,857.8,-17.51,10.12,347.7,12.22,12.15,12.16,10.69,2621
2110231940,0,0.7801,0.7157,253.1,21.77,1.65,8.67,8.44,8.57,70.2,68.59,69.35,13.89,13.81,13.85,0,72.14,857.7,-16.07,10.13,349.2,12.21,12.14,12.15,10.67,2621
2110231950,0,0.9513,0.9102,301.8,15.42,2.14,8.73,8.44,8.59,70.6,68.75,69.53,13.85,13.78,13.81,0,72.14,857.6,-15.96,10.16,349.5,12.2,12.13,12.14,10.61,2621
2110232000,0,0.5302,0.4421,109.7,30.27,1.013,8.7,8.5,8.6,71.5,69.71,70.5,13.81,13.73,13.78,0,72.14,857.5,-15.31,10.14,350,12.28,12.13,12.2,10.59,2621
2110232010,0,1.656,1.516,347.3,23.57,2.925,8.7,8.27,8.46,75.1,70.6,73.3,13.77,13.7,13.74,0,72.14,857.7,-15.74,10.14,349.6,12.28,12.12,12.17,10.58,2621
2110232020,0,1.757,1.464,71.4,33.1,3.514,8.44,8.17,8.28,76.6,75.1,75.9,13.74,13.67,13.7,0,72.14,857.7,-20.85,10.14,344.5,12.18,12.11,12.13,10.54,2621
2110232030,0,1.189,0.8319,49.04,44.38,1.797,8.34,7.97,8.2,77.5,76.1,76.6,13.71,13.64,13.67,0,72.14,857.5,-24.71,10.05,340.2,12.18,12.1,12.12,10.51,2621
2110232040,0,0.9392,0.7318,7.3,37.54,1.797,8.14,7.84,7.99,77.7,76.8,77.2,13.67,13.61,13.64,0,72.14,857.7,-22.91,9.74,340.3,12.18,12.1,12.12,10.46,2621
2110232050,0,0.9589,0.8744,101.6,22.89,2.043,8.14,7.91,8.03,77.9,76.6,77.4,13.65,13.57,13.61,0,72.14,857.5,-30.55,9.51,331.5,12.17,12.09,12.11,10.39,2621
2110232100,0,1.178,1.117,73.4,17.7,2.827,8.14,7.91,8.03,78.3,77.7,78,13.61,13.56,13.58,0,72.14,857.5,-25.74,9.5,336.3,12.24,12.09,12.17,10.33,2621
2110232110,0,0.4797,0.3684,321.6,32.39,1.062,8.11,7.84,7.97,78.8,77.8,78.5,13.59,13.53,13.55,0,72.14,857.5,-25.11,9.35,336.1,12.24,12.08,12.13,10.27,2621
2110232120,0,0.4296,0.4283,311.6,4.236,0.7671,8.04,7.81,7.92,78.8,78.2,78.5,13.57,13.5,13.53,0,72.14,857.7,-19.63,9.36,341.7,12.15,12.07,12.1,10.2,2621
2110232130,0,0.7175,0.6285,324.9,25.4,1.16,8.01,7.74,7.88,80.5,78.7,79.3,13.53,13.47,13.5,0,72.14,857.6,-15.74,9.34,345.5,12.15,12.07,12.08,10.13,2621
2110232140,0,1.461,1.292,358.4,27.51,2.091,7.91,7.68,7.79,80.2,78.8,79.7,13.51,13.44,13.47,0,72.14,857.2,-15.74,9.36,345.6,12.14,12.07,12.08,10.02,2621
2110232150,0,0.578,0.5695,321.9,9.99,1.013,8.07,7.74,7.93,79.1,77.1,77.9,13.48,13.41,13.44,0,72.14,857.1,-15.75,9.44,346,12.14,12.05,12.07,9.95,2621
2110232200,0,0.9397,0.8494,162.3,23.98,1.454,8.17,7.91,8.01,78.1,77.1,77.7,13.45,13.39,13.42,0,72.14,857,-15.74,9.48,346.2,12.21,12.05,12.13,9.93,2621
2110232210,0,0.8556,0.7242,220.6,31.75,1.209,8.3,7.97,8.14,77.4,76.3,76.8,13.43,13.37,13.4,0,72.14,856.9,-23.3,9.78,340.2,12.21,12.05,12.1,9.93,2621
2110232220,0,0.9853,0.9634,180.4,11.57,1.797,8.4,8.14,8.24,76.6,75.4,75.9,13.4,13.34,13.37,0,72.14,856.7,-24.52,9.77,338.9,12.11,12.04,12.06,9.94,2621
2110232230,0,1.329,1.214,120.3,22.45,3.072,8.47,8.21,8.34,76.9,75.1,75.9,13.37,13.32,13.34,0,72.14,856.6,-26.96,9.86,336.9,12.11,12.03,12.05,9.9,2621
2110232240,0,0.1569,0.1019,70.8,28.92,0.5221,8.44,8.14,8.29,77.6,76.2,76.7,13.35,13.3,13.32,0,72.14,856.5,-20.96,9.78,342.5,12.09,12.03,12.04,9.9,2621
2110232250,0,0.4636,0.4122,344.4,23.42,0.9634,8.24,7.97,8.09,79,77.4,78.4,13.33,13.27,13.3,0,72.14,856.6,-15.75,9.7,347.3,12.11,12.02,12.05,9.93,2621
2110232300,0,0.5016,0.4949,2.324,7.57,1.013,8.14,7.87,8.03,79.9,78.9,79.3,13.31,13.25,13.28,0,72.14,856.5,-15.72,9.56,346.6,12.17,12.02,12.1,9.97,2621
2110232310,0,0.7551,0.692,334.2,23.44,1.013,8.14,7.84,7.97,80.4,79.6,79.9,13.28,13.22,13.25,0,72.14,856.5,-15.75,9.47,346.1,12.18,12.02,12.06,9.94,2621
2110232320,0,0.2231,0.2231,298.5,1.82,0.7671,8.11,7.91,8.03,81,80,80.4,13.26,13.2,13.23,0,72.14,856.2,-15.34,9.45,346.4,12.08,12,12.02,9.9,2621
2110232330,0,0.2678,0.2611,31.22,7.44,1.16,8.11,7.91,7.99,80.9,80,80.5,13.25,13.18,13.21,0,72.14,856.1,-12.05,9.39,349.4,12.09,12,12.02,9.89,2621
2110232340,0,0.2624,0.2624,44.45,0.966,0.5713,8.04,7.81,7.96,81.1,80.2,80.7,13.23,13.16,13.19,0,72.14,856.1,-10.15,9.34,351,12.08,12,12.01,9.9,2621
2110232350,0,0.8217,0.6563,262.3,33.74,2.043,8.3,7.87,8.05,80.9,76.9,79.6,13.2,13.15,13.17,0,72.14,856,-13.19,9.46,348.7,12.07,11.99,12.01,9.86,2621
2110240000,0,0.9661,0.8834,241.1,23.71,2.14,8.47,8.17,8.34,77.2,75.8,76.7,13.19,13.12,13.15,0,72.14,855.9,-15.75,9.8,347.8,12.14,11.99,12.06,9.87,2621
2110240010,0,1.401,1.376,252.9,11.06,2.435,8.54,8.27,8.4,76.7,75,75.9,13.15,13.1,13.13,0,72.14,855.8,-15.75,10.17,349.7,12.15,11.98,12.03,9.89,2621
2110240020,0,1.481,1.439,254.1,13.7,2.533,8.57,8.34,8.45,76,75,75.5,13.15,13.09,13.12,0,72.14,855.8,-15.77,10.2,349.9,12.06,11.98,11.99,9.91,2621
2110240030,0,0.7166,0.6947,242.5,12.29,1.846,8.54,8.31,8.44,76.6,75.2,75.8,13.14,13.08,13.1,0,72.14,855.7,-15.96,10.21,349.7,12.05,11.97,11.99,9.95,2621
2110240040,0,0.6192,0.4582,304,38.12,1.65,8.54,8.31,8.42,78.1,75.9,76.7,13.12,13.06,13.09,0,72.14,855.5,-15.75,9.95,348.6,12.04,11.97,11.98,10,2621
2110240050,0,0.3089,0.2821,178,15.19,1.062,8.5,8.11,8.25,78.9,78,78.5,13.11,13.05,13.08,0,72.14,855.5,-15.45,9.72,347.7,12.03,11.96,11.98,10.02,2621
2110240100,0,0.3737,0.3728,324.8,2.657,1.062,8.27,7.97,8.14,80.6,78.6,79.6,13.09,13.03,13.06,0,72.14,855.2,-13.46,9.47,348.4,12.11,11.96,12.03,10.05,2621
2110240110,0,1.07,1.042,318.8,13.04,1.797,8.21,7.97,8.08,80.9,80,80.5,13.09,13.02,13.05,0,72.14,855.2,-12.78,9.38,348.6,12.11,11.94,11.99,10.05,2621
2110240120,0,1.254,1.196,312.6,17.26,1.65,8.21,8.01,8.13,81.1,80,80.5,13.06,13,13.03,0,72.14,855,-13.52,9.44,348.2,12.02,11.94,11.96,10.04,2621
2110240130,0,0.5163,0.4189,322.1,31.08,1.65,8.27,8.07,8.18,81.3,80.3,80.7,13.04,12.99,13.01,0,72.14,854.8,-12.21,9.45,349.6,12.01,11.94,11.95,10.03,2621
2110240140,0,0.8789,0.7658,280.2,29.05,1.405,8.27,7.97,8.13,82.8,81.2,82.2,13.03,12.97,13,0,72.14,854.7,-10.15,9.45,351.6,12.01,11.92,11.95,9.98,2621
2110240150,0,1.523,1.486,314.7,12.68,1.944,8.27,7.97,8.11,82.9,80.4,82.1,13.01,12.96,12.99,0,72.14,854.7,-9.829,9.63,352.9,12,11.93,11.94,9.95,2621
2110240200,0,1.483,1.457,310.3,10.71,1.944,8.5,8.17,8.35,80.7,78.5,79.7,13,12.94,12.97,0,72.14,854.6,-10.56,9.79,353,12.08,11.92,12,9.96,2621
2110240210,0,1.131,1.087,300.4,15.91,1.699,8.57,8.3,8.45,79.7,78.2,79,12.98,12.93,12.96,0,72.14,854.5,-13.3,10.09,351.8,12.08,11.91,11.97,9.99,2621
2110240220,0,1.152,1.018,288.9,27.64,1.601,8.7,8.4,8.56,78.3,76,77.2,12.97,12.92,12.95,0,72.14,854.3,-15.61,10.2,350,11.99,11.91,11.92,10.01,2621
2110240230,0,1.082,1.017,277.1,19.94,1.797,8.97,8.57,8.73,76.5,72.1,74.3,12.96,12.91,12.93,0,72.14,854.1,-15.74,10.18,349.8,11.98,11.9,11.91,10,2621
2110240240,0,0.9169,0.7819,287.6,29.61,1.895,9.07,8.83,8.94,73.9,71.7,72.7,12.96,12.91,12.93,0,72.14,853.9,-15.83,10.35,350.6,11.96,11.89,11.91,10.03,2621
2110240250,0,1.646,1.574,282,17.06,2.533,9,8.8,8.9,73.7,72,72.8,12.95,12.88,12.91,0,72.14,853.6,-15.96,10.49,351.2,11.97,11.76,11.91,10.1,2621
2110240300,0,2.082,2.024,272.2,13.56,3.71,9.23,8.8,9.06,72.3,69.91,70.9,12.92,12.87,12.9,0,72.14,853.6,-16.51,10.9,352.7,12.05,11.88,11.96,10.21,2621
2110240310,0,2.057,1.905,279.3,21.99,3.17,9.3,9.07,9.2,70.9,69.05,69.88,12.92,12.86,12.89,0,72.14,853.3,-23.62,10.98,346.1,12.05,11.88,11.93,10.26,2621
2110240320,0,1.627,1.565,288.8,15.93,2.435,9.36,9.13,9.24,70.7,69.11,69.91,12.91,12.84,12.88,0,72.14,853.5,-22.81,10.98,346.9,11.94,11.87,11.88,10.33,2621
2110240330,0,1.561,1.499,312,16.12,2.288,9.3,8.97,9.18,72.9,69.55,70.8,12.89,12.84,12.86,0,72.14,853.3,-17.29,10.85,351.7,11.96,11.87,11.89,10.42,2621
2110240340,0,1.541,1.322,308.2,30.52,2.582,9.1,8.73,8.9,75.1,72.8,74.4,12.87,12.83,12.85,0,72.14,853.3,-15.74,10.19,349.8,11.94,11.86,11.87,10.52,2621
2110240350,0,1.069,0.9182,323.3,29.17,2.238,8.97,8.7,8.85,76.2,74.3,75.2,12.87,12.81,12.84,0,72.14,853.2,-15.74,10.13,349.5,11.94,11.85,11.87,10.51,2621
2110240400,0,0.9066,0.7559,320.7,33.03,1.356,8.87,8.54,8.73,78.7,75.3,77,12.86,12.8,12.83,0,72.14,853,-13.79,10.14,351.5,12.02,11.85,11.93,10.51,2621
2110240410,0,0.5074,0.3362,53.11,32.92,1.993,8.67,8.27,8.47,81.2,78.2,80.3,12.84,12.78,12.82,0,72.14,852.8,-13.82,9.74,349.5,12.03,11.85,11.89,10.49,2621
2110240420,0,0.7761,0.5025,262,43.67,1.552,8.44,8.07,8.29,84.6,80.3,82.7,12.83,12.78,12.8,0,72.14,852.7,-15.61,9.36,345.7,11.92,11.84,11.86,10.42,2621
2110240430,0,0.511,0.1279,295.5,53.22,1.405,8.17,7.81,7.99,86.9,84,85.5,12.82,12.77,12.79,0,72.14,852.4,-13.16,9.05,346.6,11.92,11.84,11.85,10.33,2621
2110240440,0,0.7457,0.6312,14.57,29.7,1.699,7.94,7.54,7.75,88.6,86.8,87.9,12.81,12.75,12.78,0,72.14,852.3,-8.369,8.88,350.5,11.91,11.83,11.85,10.23,2621
2110240450,0,1.11,0.9227,337.4,31.62,2.337,7.87,7.44,7.66,89.7,87.7,88.9,12.8,12.76,12.77,0,72.14,852.2,-7.799,8.85,351,11.91,11.83,11.84,10.11,2621
2110240500,0,1.153,0.3554,280.7,66.55,1.748,8.07,7.71,7.94,89.4,87.2,88.2,12.79,12.74,12.76,0,72.14,852.2,-7.659,9.01,351.9,12,11.83,11.91,10.01,2621
2110240510,0,1.2,0.8878,312.9,40.76,2.14,7.97,7.68,7.82,91.2,89.3,90.3,12.79,12.71,12.75,0,72.14,852.3,-0.6519,8.97,358.7,12,11.83,11.87,9.94,2621
2110240520,0,1.452,0.8789,309,49.65,2.778,8.27,7.74,8.04,90.5,87.9,88.9,12.77,12.71,12.74,0.254,72.39,852.2,-0.02699,9.18,360.4,11.9,11.82,11.84,9.87,2621
2110240530,0,1.543,1.172,205.7,39.71,3.563,8.5,8.04,8.21,89.6,87.1,89,12.75,12.7,12.72,0,72.39,852.2,0,9.37,361.4,11.89,11.81,11.83,9.84,2621
2110240540,0,1.754,1.633,189.8,21.29,3.219,9.16,8.47,8.85,87.2,83.2,85.1,12.75,12.67,12.71,0,72.39,851.9,0,9.57,362.4,11.89,11.81,11.82,9.78,2621
2110240550,0,3.219,2.986,182.5,21.79,6.111,9.56,9.07,9.38,83.3,81.1,82.1,12.73,12.67,12.69,0,72.39,851.9,0,9.78,363.5,11.89,11.81,11.82,9.8,2621
2110240600,0,2.423,2.251,221.9,21.53,4.345,9.5,9.1,9.3,85.4,82.9,84.2,12.71,12.64,12.68,0.254,72.64,851.9,0,9.87,363.9,11.98,11.8,11.89,9.86,2621
2110240610,0,2.523,2.324,209.9,22.71,5.132,9.33,9.1,9.21,85.9,84.7,85.2,12.69,12.64,12.67,0,72.64,851.9,0,9.99,364.6,11.98,11.8,11.86,9.94,2621
2110240620,0,2.232,2.05,194.4,23.11,5.476,9.36,9.13,9.24,86.2,85.5,85.8,12.69,12.63,12.66,0,72.64,852,0,10.15,365.4,11.88,11.8,11.81,10,2621
2110240630,1,2.143,1.866,188,29.12,4.739,9.4,9.13,9.25,86.7,85.8,86.3,12.67,12.62,12.65,0.254,72.9,851.6,0,10.25,365.9,11.88,11.79,11.81,10.02,2621
2110240640,4,2.758,2.581,190.2,20.54,5.476,9.5,9.23,9.35,86.1,84.7,85.4,12.66,12.61,12.64,0.254,73.15,851.7,0,10.25,365.9,11.88,11.79,11.81,10.07,2621
2110240650,6,2.535,2.353,195.3,21.7,4.444,9.4,9.07,9.24,87.5,85.8,86.6,12.66,12.6,12.63,0,73.15,851.6,0,10.25,365.9,11.88,11.79,11.81,10.14,2621
2110240700,9,2.88,2.627,189.4,23.99,5.575,9.23,8.87,9.04,90,87.4,88.8,12.65,12.6,12.62,0.508,73.66,851.4,-0.1359,10.2,365.5,11.96,11.79,11.87,10.22,2621
2110240710,19,2.431,2.199,212.9,25.04,4.984,9,8.8,8.89,91.4,89.9,90.8,12.65,12.6,12.62,0.254,73.91,851.3,-0.4349,10.18,365.1,11.96,11.79,11.84,10.23,2621
2110240720,24,2.073,1.333,230.9,48.42,4.055,9,8.77,8.85,92.3,91.2,91.8,12.65,12.59,12.61,0.508,74.42,851.3,-0.02699,10.14,365.3,11.86,11.78,11.8,10.23,2621
2110240730,21,1.473,1.187,245.7,35.68,3.661,8.93,8.64,8.77,93.5,92.1,92.9,12.63,12.58,12.61,0.254,74.68,851.1,0,10.13,365.3,11.87,11.78,11.8,10.26,2621
2110240740,25,1.748,1.469,180.5,32.33,3.858,8.87,8.67,8.76,93.9,93.3,93.7,12.63,12.57,12.6,0.508,75.18,850.8,0,10.14,365.3,11.86,11.78,11.79,10.3,2621
2110240750,48,2.916,2.653,165.6,24.34,5.82,9.03,8.73,8.88,94.5,93.5,94,12.63,12.58,12.6,0.508,75.69,850.8,0,10.22,365.8,11.88,11.79,11.82,10.3,2621
2110240800,70,2.456,2.326,154,18.69,4.886,9.2,8.9,9.04,94.6,94,94.3,12.62,12.57,12.6,0.508,76.2,850.6,0,10.54,367.4,12.14,11.83,11.95,10.34,2621
2110240810,79,3.183,3.085,140.7,14.04,5.82,9.33,9.03,9.18,94.7,93.8,94.3,12.62,12.56,12.59,0.254,76.45,850.7,0,10.97,369.6,12.16,11.85,11.96,10.4,2621
2110240820,48,2.435,2.291,148.3,19.65,4.689,9.46,9.17,9.3,94.1,93.6,93.8,12.61,12.56,12.59,0.254,76.71,850.7,0,11.01,369.8,11.92,11.79,11.83,10.44,2621
2110240830,37,1.353,1.097,183.3,31.22,3.17,9.43,9.23,9.34,94.4,93.4,93.9,12.62,12.56,12.59,0.762,77.47,850.9,0,10.97,369.6,11.87,11.79,11.8,10.51,2621
2110240840,41,1.19,0.9513,166.9,34.9,2.631,9.46,9.2,9.33,95,94.1,94.5,12.61,12.56,12.59,0.508,77.98,850.6,0,10.96,369.6,11.87,11.79,11.81,10.58,2621
2110240850,46,1.307,1.104,173.6,31.04,3.17,9.43,9.23,9.32,95.9,94.9,95.4,12.61,12.56,12.58,0.762,78.74,850.6,0,10.94,369.5,11.9,11.78,11.81,10.65,2621
2110240900,46,1.357,1.103,146.1,34.7,2.484,9.43,9.23,9.33,96.5,95.7,96.1,12.61,12.56,12.58,0.508,79.25,850.3,0,10.96,369.6,12.01,11.71,11.89,10.73,2621
2110240910,47,1.182,1.055,130.7,26.47,2.729,9.5,9.3,9.4,97,96.3,96.7,12.6,12.56,12.58,0.508,79.76,850.5,0,11.17,370.7,12.03,11.79,11.86,10.82,2621
2110240920,40,1.259,1.191,122.3,18.47,2.729,9.63,9.36,9.5,97.3,96.8,97,12.61,12.56,12.58,0.508,80.26,850.6,0,11.33,371.5,11.88,11.78,11.8,10.89,2621
2110240930,28,0.7041,0.2548,14.9,55.07,1.797,9.63,9.43,9.52,97.4,96.9,97.1,12.61,12.55,12.58,1.016,81.28,850.8,0,11.38,371.8,11.85,11.77,11.78,10.99,2621
2110240940,32,1.413,1.203,2.632,31.26,2.043,9.59,9.3,9.46,97.7,97.1,97.4,12.62,12.56,12.58,0.508,81.79,850.7,0,11.36,371.7,11.85,11.77,11.78,11.03,2621
2110240950,39,1.285,1.228,350.9,17.03,2.729,9.66,9.33,9.52,98.1,97.6,97.8,12.61,12.56,12.58,0.762,82.55,850.7,0,11.55,372.6,11.88,11.77,11.79,11.09,2621
2110241000,36,1.867,1.817,343.8,13.23,3.121,9.66,9.46,9.55,98.6,97.9,98.3,12.6,12.56,12.58,0.508,83.06,851.1,0,11.7,373.4,11.94,11.78,11.86,11.17,2621
2110241010,17,1.413,1.268,51.97,25.92,2.484,9.66,9.43,9.55,98.8,98.3,98.5,12.61,12.56,12.58,0.254,83.31,850.9,0,11.63,373.1,11.94,11.75,11.81,11.27,2621
2110241020,18,1.402,1.344,13.75,16.49,2.14,9.73,9.5,9.61,98.9,98.5,98.7,12.6,12.56,12.58,0.762,84.07,850.9,0,11.71,373.5,11.83,11.75,11.77,11.34,2621
2110241030,52,1.601,1.297,75.7,35.27,2.925,9.73,9.5,9.63,99.3,98.5,99,12.61,12.55,12.59,1.27,85.34,850.3,-0.6519,11.77,373.2,11.85,11.77,11.8,11.35,2621
2110241040,48,0.6312,0.587,116.2,19.25,1.454,9.86,9.63,9.74,99.6,99.1,99.3,12.61,12.56,12.59,1.27,86.61,850.4,-0.1359,11.79,373.8,11.88,11.77,11.8,11.39,2621
2110241050,69,1.057,0.9106,116.3,29.43,2.14,9.96,9.73,9.85,99.8,99.3,99.5,12.62,12.56,12.59,0.762,87.38,850.1,0,12.07,375.4,11.96,11.79,11.84,11.48,2621
2110241100,70,1.021,1.005,79.3,10.05,1.601,9.99,9.73,9.85,100,99.3,99.7,12.62,12.56,12.59,1.016,88.39,849.8,0,12.22,376.2,12,11.82,11.92,11.61,2621
2110241110,54,1.552,1.494,36.49,15.61,2.238,9.96,9.73,9.85,100,99.6,99.8,12.6,12.56,12.59,1.27,89.66,849.9,0,12.25,376.4,12.01,11.79,11.85,11.68,2621
2110241120,75,1.767,1.748,18.17,8.4,2.582,10.09,9.73,9.9,100.2,99.8,100,12.6,12.56,12.58,1.27,90.93,849.7,0,12.26,376.4,11.9,11.79,11.83,11.73,2621
2110241130,161,1.656,1.611,18.14,13.34,2.631,10.36,9.93,10.16,100.4,99.6,100.1,12.6,12.56,12.58,0.762,91.69,849.5,0,12.84,379.5,12.24,11.74,12.07,11.84,2621
2110241140,129,0.8968,0.5789,89.7,42.3,2.827,10.55,10.16,10.36,100.2,99.5,99.9,12.61,12.56,12.58,0.508,92.2,849.1,0,13.03,380.5,12.12,11.96,12.02,11.99,2621
2110241150,82,1.136,0.3138,293.9,65.88,2.631,10.62,10.32,10.49,99.9,98.8,99.4,12.61,12.56,12.58,0.508,92.71,849.4,0,12.91,379.8,12.04,11.8,11.88,12.09,2621
2110241200,74,0.8056,0.224,155.3,65.31,1.797,10.62,10.32,10.45,99.2,98.4,98.7,12.61,12.57,12.59,0.762,93.47,849.3,0,12.61,378.2,12.12,11.82,11.94,12.22,2621
2110241210,76,0.8534,0.7144,155.3,28.76,2.729,10.89,10.55,10.72,98.7,97.8,98.3,12.62,12.57,12.6,0.508,93.98,849.2,0,12.81,379.3,12.15,11.8,11.93,12.33,2621
2110241220,67,1.612,1.46,145.3,24.83,2.974,10.82,10.62,10.72,98.2,97.6,97.9,12.64,12.59,12.61,0.762,94.74,849,0,12.64,378.4,11.91,11.8,11.82,12.38,2621
2110241230,57,2.012,1.912,148,18.03,3.366,10.79,10.55,10.68,98.2,97.7,97.9,12.66,12.6,12.62,0.762,95.5,849,0,12.6,378.2,11.89,11.79,11.81,12.43,2621
2110241240,54,1.645,1.341,158.6,34.81,2.925,10.75,10.52,10.64,98.3,97.7,98,12.69,12.61,12.65,0.762,96.27,848.9,0,12.59,378.1,11.89,11.77,11.8,12.46,2621
2110241250,39,0.9245,0.8467,205.4,21.14,2.582,10.75,10.49,10.63,98.4,97.8,98.2,12.7,12.64,12.67,0.762,97.03,849.1,0,12.6,378.2,11.85,11.77,11.78,12.48,2621
2110241300,45,0.9678,0.8713,170.2,24.17,2.337,10.79,10.52,10.64,98.6,98.1,98.3,12.72,12.66,12.69,1.016,98.04,849,0,12.6,378.2,12.01,11.77,11.87,12.51,2621
2110241310,61,0.8641,0.8315,147.8,14.84,2.14,10.85,10.55,10.73,98.9,98.5,98.6,12.74,12.68,12.71,0.762,98.81,848.8,0,12.75,379,12.03,11.79,11.86,12.54,2621
2110241320,65,0.912,0.8798,127.2,14.1,2.19,10.85,10.62,10.75,99,98.5,98.8,12.76,12.7,12.73,0.762,99.57,848.8,0,12.87,379.6,11.9,11.79,11.82,12.57,2621
2110241330,86,0.6956,0.6281,83,22.76,1.699,10.92,10.65,10.77,99.1,98.6,98.8,12.78,12.71,12.74,0.508,100.1,848.6,0,13.03,380.5,11.92,11.81,11.84,12.62,2621
2110241340,91,1.128,1,67.29,27.18,2.582,10.88,10.62,10.77,99.1,98.4,98.8,12.79,12.74,12.76,0.254,100.3,848.6,0,13.04,380.5,11.98,11.8,11.86,12.64,2621
2110241350,71,1.073,0.9996,46.93,21.25,2.19,10.98,10.75,10.87,99.1,98.5,98.7,12.81,12.75,12.77,0.508,100.8,848.6,0,13.05,380.6,11.9,11.8,11.82,12.69,2621
2110241400,65,1.292,1.237,73.3,16.69,2.533,10.98,10.79,10.87,99,98.5,98.7,12.82,12.77,12.79,0.254,101.1,848.6,0,13.02,380.4,12.01,11.58,11.9,12.77,2621
2110241410,61,1.555,1.491,79.8,16.35,2.582,11.05,10.79,10.92,99.2,98.4,98.8,12.84,12.78,12.81,0.508,101.6,848.5,0,13.02,380.4,11.99,11.79,11.86,12.86,2621
2110241420,64,0.9285,0.9129,73.6,10.24,1.895,11.12,10.85,10.99,99.1,98.5,98.8,12.86,12.8,12.82,0.254,101.9,848.7,0,13.17,381.2,11.88,11.77,11.8,12.9,2621
2110241430,54,0.8154,0.7801,75,16.21,1.503,11.18,10.95,11.06,99,98.5,98.7,12.88,12.82,12.84,0.508,102.4,848.7,0,13.35,382.2,11.84,11.76,11.79,12.9,2621
2110241440,47,1.011,0.9231,54.94,23.18,1.797,11.21,10.98,11.09,99,98.4,98.7,12.88,12.84,12.86,0.508,102.9,848.7,0,13.34,382.1,11.83,11.76,11.77,12.92,2621
2110241450,35,1.106,1.071,81.7,14.36,2.288,11.25,10.88,11.07,99.2,98.4,98.8,12.91,12.84,12.87,0.508,103.4,848.7,0,13.14,381.1,11.84,11.73,11.77,12.98,2621
2110241500,33,1.148,1.08,29.01,19.63,2.238,11.22,10.98,11.09,99.1,98.5,98.9,12.92,12.87,12.89,0.508,103.9,848.8,0,13.19,381.3,11.92,11.74,11.83,13.05,2621
2110241510,24,0.9115,0.8766,62.74,15.8,1.748,11.15,10.88,11,99,98.5,98.7,12.94,12.88,12.91,0.762,104.6,848.9,0,13.01,380.4,11.92,11.73,11.78,13.05,2621
2110241520,25,1.079,1.039,90.7,15.58,1.699,11.05,10.82,10.93,98.8,98.4,98.6,12.95,12.9,12.92,0.508,105.2,848.9,0,12.93,379.9,11.81,11.73,11.74,13.03,2621
2110241530,25,0.9227,0.8865,66.46,14.74,1.895,11.05,10.79,10.9,99.1,98.4,98.7,12.96,12.91,12.94,0.508,105.7,849,0,12.86,379.5,11.81,11.73,11.75,13.03,2621
2110241540,20,1.404,1.327,56.65,19,2.288,10.95,10.75,10.86,99.3,98.6,99,12.98,12.92,12.95,0.762,106.4,848.8,0,12.86,379.6,11.8,11.72,11.74,13.02,2621
2110241550,16,1.472,1.423,45.11,14.73,2.337,10.95,10.72,10.83,99.6,99.1,99.3,12.99,12.93,12.96,0.508,106.9,848.8,0,12.88,379.7,11.8,11.71,11.73,12.96,2621
2110241600,13,1.564,1.511,47.38,14.84,2.385,10.92,10.62,10.76,99.8,99.4,99.6,13,12.94,12.97,0.254,107.2,848.5,0,12.77,379.1,11.88,11.72,11.8,12.95,2621
2110241610,9,1.55,1.487,37.33,16.3,2.337,10.78,10.59,10.68,99.8,99.4,99.6,13,12.94,12.97,0.254,107.4,848.5,0,12.62,378.3,11.88,11.71,11.76,12.92,2621
2110241620,8,1.939,1.872,35.92,15.09,3.317,10.75,10.52,10.64,99.8,99.1,99.5,13,12.95,12.97,0.254,107.7,848.5,0,12.6,378.2,11.79,11.71,11.72,12.87,2621
2110241630,7,1.488,1.458,66.27,11.48,2.582,10.68,10.48,10.59,99.4,98.9,99.2,13,12.96,12.98,0.254,108,848.4,0,12.6,378.2,11.78,11.71,11.72,12.81,2621
2110241640,5,1.752,1.692,67.26,14.85,2.68,10.72,10.45,10.55,99.3,98.9,99.1,13,12.95,12.98,0,108,848.2,0,12.6,378.2,11.79,11.71,11.72,12.76,2621
2110241650,3,1.718,1.7,72,8.33,2.729,10.62,10.39,10.49,99.3,98.8,99,13,12.94,12.97,0.254,108.2,848.2,0,12.53,377.8,11.77,11.7,11.71,12.71,2621
2110241700,1,1.435,1.359,55.06,18.67,2.876,10.62,10.32,10.48,99.1,98.6,98.8,13,12.94,12.97,0.254,108.5,848.3,0,12.37,377,11.87,11.7,11.78,12.67,2621
2110241710,0,1.535,1.498,1.982,12.53,2.631,10.62,10.35,10.49,99,98.6,98.8,12.99,12.93,12.96,0,108.5,848.4,0,12.29,376.5,11.87,11.7,11.74,12.63,2621
2110241720,0,1.814,1.775,11.08,11.81,2.729,10.52,10.32,10.41,99,98.6,98.8,12.99,12.93,12.96,0.254,108.7,848.5,0,12.21,376.1,11.77,11.69,11.72,12.58,2621
2110241730,0,2.001,1.964,18.15,11.08,2.827,10.48,10.22,10.36,99,98.7,98.8,12.98,12.92,12.95,0.254,109,848.3,0,12.23,376.3,11.86,11.69,11.82,12.55,2621
2110241740,0,1.75,1.714,14.67,11.51,2.778,10.49,10.12,10.3,98.9,98.2,98.6,12.96,12.91,12.94,0.254,109.2,848.3,0,12.14,375.8,11.87,11.84,11.85,12.46,2621
2110241750,0,1.939,1.836,7.98,18.74,3.023,10.35,9.99,10.23,98.7,98,98.5,12.95,12.9,12.93,0,109.2,848.2,0,11.98,374.9,11.86,11.84,11.85,12.38,2621
2110241800,0,1.266,1.165,336.2,22.8,2.533,10.16,9.79,9.93,98.2,97.4,97.7,12.94,12.89,12.92,0.254,109.5,848.5,0,11.77,373.8,11.86,11.84,11.85,12.3,2621
2110241810,0,1.413,1.365,28.51,14.83,2.19,9.99,9.73,9.88,97.8,97.4,97.6,12.94,12.88,12.9,0.254,109.7,848.5,0,11.74,373.7,11.86,11.69,11.82,12.23,2621
2110241820,0,1.255,1.195,47.87,17.24,2.043,10.16,9.83,9.99,98,97.3,97.7,12.92,12.86,12.89,0.254,110,848.5,0,11.78,373.9,11.86,11.84,11.85,12.11,2621
2110241830,0,1.312,1.232,4.498,18.82,2.238,10.19,9.89,10.06,98.1,97.7,97.9,12.91,12.85,12.88,0.254,110.2,848.5,0,11.76,373.8,11.86,11.84,11.85,12,2621
2110241840,0,1.651,1.556,354.2,19.47,2.337,10.02,9.76,9.88,98.3,97.9,98.1,12.89,12.84,12.86,0.254,110.5,848.8,0,11.79,373.9,11.85,11.83,11.84,11.91,2621
2110241850,0,2.005,1.908,1.546,17.83,3.121,9.96,9.73,9.84,98.3,98,98.2,12.87,12.82,12.85,0.254,110.7,848.9,0,11.77,373.8,11.85,11.83,11.84,11.84,2621
2110241900,0,1.737,1.705,14.82,11.01,2.729,9.93,9.69,9.81,98.5,98.1,98.3,12.86,12.81,12.83,0.508,111.3,848.7,0,11.73,373.6,11.85,11.83,11.84,11.78,2621
2110241910,0,1.797,1.738,8.02,14.7,2.827,9.86,9.59,9.74,98.6,98.3,98.4,12.84,12.78,12.81,0.508,111.8,848.8,0,11.64,373.2,11.85,11.69,11.83,11.74,2621
2110241920,0,1.71,1.376,294.5,35.85,3.023,9.76,9.46,9.66,98.5,97.5,98.3,12.82,12.76,12.79,0.508,112.3,849,0,11.4,371.9,11.85,11.83,11.84,11.67,2621
2110241930,0,1.974,1.679,305,31.33,3.612,9.76,9.46,9.62,97.9,94.9,96.4,12.81,12.75,12.78,0.508,112.8,849.1,0,11.08,370.2,11.85,11.83,11.84,11.61,2621
2110241940,0,1.749,1.677,322.7,16.44,2.876,9.76,9.4,9.6,95.6,94.8,95.2,12.79,12.74,12.76,0.508,113.3,849.2,-0.02699,10.96,369.6,11.85,11.83,11.84,11.53,2621
2110241950,0,2.326,2.141,319.5,22.84,3.563,9.53,8.9,9.15,95.6,94.3,95.1,12.78,12.71,12.74,0.508,113.8,849.2,-0.02699,10.68,368.1,11.85,11.83,11.83,11.44,2621
2110242000,0,3.003,2.898,292.1,15.18,4.886,9.13,8.8,8.98,94.3,91,92.1,12.76,12.7,12.72,0.508,114.3,849.2,-2.443,10.17,363,11.85,11.82,11.83,11.33,2621
2110242010,0,3.398,3.317,293.5,12.35,5.673,8.97,8.57,8.73,92.3,91,91.8,12.73,12.67,12.7,0.508,114.8,849.5,-0.9509,10.01,363.7,11.85,11.7,11.82,11.21,2621
2110242020,0,3.675,3.523,282.5,16.41,6.996,8.67,8.44,8.54,92.8,90.5,91.9,12.71,12.65,12.68,0.762,115.6,849.5,-0.9779,9.73,362.2,11.84,11.82,11.83,11.01,2621
2110242030,0,3.161,3.043,286.4,15.6,6.111,8.6,8.27,8.43,92.1,90.2,91.4,12.69,12.63,12.66,0.254,115.8,849.8,-0.02699,9.45,361.8,11.83,11.82,11.83,10.8,2621
2110242040,0,2.823,2.729,292.7,14.75,5.28,8.4,8.04,8.23,93.6,92,92.8,12.66,12.59,12.62,0.762,116.6,849.9,-2.688,9.38,358.7,11.83,11.81,11.83,10.6,2621
2110242050,0,4.216,4.117,296.7,12.2,7.533,8.21,7.41,7.87,93.6,90,92.3,12.64,12.57,12.6,1.016,117.6,850,-1.656,9.15,358.6,11.83,11.81,11.82,10.41,2621
2110242100,0,3.268,3.174,292.2,13.78,5.525,7.51,6.882,7.17,92.1,90.8,91.4,12.61,12.54,12.57,0.762,118.4,850.3,-0.7879,8.41,355.7,11.83,11.81,11.82,10.23,2621
2110242110,0,3.295,3.165,288.5,16.04,5.575,7.01,6.617,6.797,91.7,90.5,91,12.58,12.5,12.53,0.762,119.1,850.4,-0.4069,7.87,353.4,11.83,11.68,11.81,10.03,2621
2110242120,0,2.919,2.789,284,17.08,5.132,6.782,6.453,6.618,92.7,90.6,91.6,12.53,12.46,12.5,0.762,119.9,850.7,-0.3259,7.67,352.4,11.83,11.81,11.82,9.74,2621
2110242130,0,2.185,2.101,293.7,15.91,4.493,6.586,6.32,6.455,93.2,91.9,92.5,12.49,12.42,12.45,0.254,120.1,850.2,-0.02699,7.69,352.8,11.83,11.8,11.82,9.45,2621
2110242140,0,2.778,2.64,275.4,18.05,4.542,6.553,6.189,6.348,92.1,90.3,91.2,12.45,12.37,12.42,0.254,120.4,850.6,-0.3259,7.53,351.7,11.82,11.8,11.81,9.18,2621
2110242150,0,3.907,3.791,291.1,14.15,5.82,6.356,6.061,6.234,91,89.9,90.4,12.41,12.33,12.37,0.508,120.9,850.6,-2.335,7.29,348.5,11.82,11.8,11.81,8.94,2621
2110242200,0,4.274,4.198,298.6,10.71,7.045,6.195,5.865,6.037,91.5,89.5,90.3,12.37,12.28,12.32,0,120.9,850.5,-2.824,7.09,347,11.81,11.79,11.81,8.71,2621
2110242210,0,4.037,3.97,297.9,10.53,6.062,6,5.703,5.842,91.2,89.8,90.4,12.32,12.24,12.28,0.254,121.2,850.7,-2.172,6.91,346.8,11.81,11.68,11.8,8.51,2621
2110242220,0,3.719,3.617,303.9,13.47,6.357,6.069,5.671,5.878,90.6,88.2,89.7,12.26,12.19,12.23,0,121.2,850.8,-3.205,6.931,345.9,11.81,11.79,11.8,8.28,2621
2110242230,0,4.435,4.341,299.8,11.67,6.554,6.169,5.936,6.039,88.4,86.1,87.5,12.22,12.13,12.17,0.254,121.4,850.9,-3.449,6.923,345.6,11.81,11.79,11.8,8.08,2621
2110242240,0,3.666,3.567,300.9,13.08,6.554,6.301,6.036,6.142,87,84.8,86,12.17,12.08,12.12,0,121.4,851.2,-4.59,6.906,344.3,11.81,11.78,11.79,7.9,2621
2110242250,0,3.344,3.259,310,12.83,5.624,6.268,6.003,6.147,86,84,85.2,12.11,12.02,12.06,0,121.4,851.2,-7.169,6.935,341.9,11.8,11.78,11.79,7.75,2621
2110242300,0,3.083,3.033,306.5,10.38,5.034,6.169,5.871,6.021,86.7,85.1,85.8,12.06,11.97,12.01,0,121.4,851.1,-3.259,6.85,345.4,11.79,11.78,11.79,7.62,2621
2110242310,0,3.795,3.697,315.9,12.92,6.75,6.004,5.706,5.854,87.6,86.2,86.8,11.99,11.91,11.96,0.508,121.9,851.1,-0.8419,6.572,346.4,11.79,11.68,11.79,7.53,2621
2110242320,0,4.587,4.506,325.4,10.83,6.947,5.838,5.441,5.645,88.3,86.7,87.3,11.94,11.86,11.9,0.508,122.4,851,-0.4889,6.522,346.5,11.79,11.77,11.79,7.41,2621
2110242330,0,4.287,4.233,328,9.04,6.308,5.573,5.077,5.304,90.6,88.1,89.3,11.9,11.8,11.85,1.016,123.4,851.2,-0.02699,6.198,345.4,11.79,11.77,11.78,7.3,2621
2110242340,0,3.894,3.831,321.1,10.41,5.427,5.209,4.779,4.979,91.8,89.6,90.5,11.83,11.75,11.8,0.254,123.7,851,-0.1359,5.987,344.2,11.79,11.77,11.78,7.19,2621
2110242350,0,3.921,3.858,330.8,10.28,5.964,4.878,4.316,4.601,94.7,91.2,93.2,11.79,11.7,11.74,0.762,124.5,851.3,-0.3799,5.74,342.8,11.79,11.77,11.78,7.06,2621
2110250000,0,3.8,3.715,330.5,12.21,5.575,4.514,4.283,4.392,95.3,92.6,93.9,11.73,11.65,11.69,0.762,125.2,851.2,-0.2719,5.692,342.7,11.78,11.77,11.78,6.925,2621
2110250010,0,3.558,3.42,327.3,16.05,5.476,4.349,3.654,3.981,95.5,92.9,94.4,11.69,11.59,11.63,1.016,126.2,851.4,-0.2719,5.268,340.6,11.78,11.66,11.77,6.799,2621
2110250020,0,3.433,3.339,309.6,13.6,6.504,3.819,3.389,3.593,96,94.4,95,11.62,11.53,11.57,1.016,127.3,851.5,0,4.975,339.4,11.78,11.76,11.77,6.634,2621
2110250030,0,3.317,3.268,309.1,9.84,4.788,3.555,3.257,3.396,96.6,95.6,96.1,11.56,11.47,11.52,0.762,128,851.8,0,4.908,339.1,11.78,11.76,11.77,6.451,2621
2110250040,0,3.576,3.482,327.1,12.91,5.673,3.422,3.025,3.203,97.1,96.6,96.8,11.5,11.41,11.46,1.016,129,851.7,0,4.671,337.9,11.78,11.76,11.77,6.262,2621
2110250050,0,3.728,3.639,317.5,12.29,5.427,3.19,2.926,3.063,97.6,96.7,97.2,11.44,11.35,11.39,0.762,129.8,851.5,-0.02699,4.49,337,11.77,11.76,11.77,6.075,2621
2110250100,0,3.804,3.724,310,11.66,5.722,3.455,2.992,3.253,97.8,96.9,97.4,11.38,11.28,11.34,0.762,130.6,851.1,0,4.619,337.7,11.78,11.75,11.77,5.896,2621
2110250110,0,3.76,3.657,302.6,13.23,5.82,3.488,3.257,3.373,97.1,96.2,96.7,11.31,11.23,11.27,0.762,131.3,850.8,0,4.731,338.2,11.77,11.65,11.76,5.76,2621
2110250120,0,3.041,2.885,286.8,18.38,5.329,3.555,3.29,3.4,96.7,96,96.3,11.25,11.17,11.21,0.508,131.8,851.1,0,4.695,338.1,11.77,11.75,11.76,5.634,2621
2110250130,0,2.186,2.113,236.9,14.87,3.71,3.72,3.39,3.521,97.6,96.5,97.1,11.2,11.11,11.15,0.762,132.6,851.3,0,4.952,339.3,11.77,11.75,11.76,5.533,2621
2110250140,0,2.047,1.996,249.2,12.86,3.514,3.654,3.422,3.529,98.3,97.4,97.9,11.12,11.03,11.08,0.762,133.4,851.4,0,4.879,338.9,11.77,11.74,11.76,5.467,2621
2110250150,0,1.719,1.601,229.3,21.22,2.876,3.59,3.356,3.479,98.5,97.9,98.3,11.06,10.98,11.02,1.016,134.4,851.5,-0.1089,4.912,339,11.76,11.74,11.75,5.432,2621
2110250200,0,1.901,1.814,222.2,17.33,4.153,3.557,3.258,3.392,98.9,98.3,98.6,11.01,10.91,10.95,0.762,135.1,851.2,-0.2169,4.964,339.1,11.76,11.74,11.75,5.41,2621
2110250210,0,1.689,1.605,179.6,18.05,3.415,3.456,3.126,3.285,99.2,98.8,99,10.95,10.85,10.9,1.016,136.1,851.3,-0.2719,4.739,338,11.76,11.64,11.75,5.414,2621
2110250220,0,1.271,1.243,170.9,12.16,2.337,3.259,2.861,3.067,99.5,99.1,99.3,10.88,10.79,10.84,1.016,137.2,851.2,-0.1089,4.472,336.9,11.76,11.74,11.75,5.38,2621
2110250230,0,1.981,1.695,201.1,30.79,2.876,2.927,2.133,2.486,99.8,99,99.4,10.83,10.73,10.78,1.016,138.2,851.2,-0.08199,3.848,333.9,11.76,11.74,11.75,5.329,2621
2110250240,0,1.803,1.768,246,11.19,2.925,2.233,1.669,1.976,100,99.4,99.7,10.76,10.68,10.73,0.508,138.7,851.4,-0.1359,3.304,331.2,11.76,11.74,11.75,5.237,2621
2110250250,0,1.174,1.123,256.9,16.89,1.797,1.836,1.14,1.554,100.1,99.7,99.9,10.71,10.62,10.67,0.508,139.2,851.3,-0.5159,2.829,328.5,11.76,11.73,11.75,5.085,2621
2110250300,0,1.066,1.035,280.9,13.82,1.503,1.372,1.078,1.224,100.5,100,100.2,10.66,10.57,10.61,0.508,139.7,851.1,0.272,2.46,327.6,11.75,11.73,11.74,4.881,2621
2110250310,0,1.207,1.167,304.2,14.86,1.748,1.177,0.745,0.93,100.6,100.1,100.4,10.6,10.51,10.55,0.508,140.2,851.1,-0.1359,1.774,323.9,11.75,11.62,11.74,4.662,2621
2110250320,0,1.23,1.205,318.2,11.66,1.699,0.878,0.615,0.735,100.8,100.4,100.6,10.53,10.44,10.49,0.508,140.7,851.1,0,1.668,323.6,11.75,11.72,11.74,4.392,2621
2110250330,0,0.7282,0.688,329.7,17.52,1.503,0.782,0.517,0.62,101,100.6,100.8,10.47,10.37,10.43,0.508,141.2,850.8,0,1.662,323.5,11.74,11.72,11.74,4.114,2621
2110250340,0,0.5002,0.4493,281.2,20.03,1.16,0.719,0.487,0.591,101.1,100.8,101,10.41,10.31,10.36,0.508,141.7,851.1,0,1.67,323.6,11.74,11.72,11.73,3.849,2621
2110250350,0,1.126,1.12,320.9,6.016,1.552,0.621,0.39,0.497,101.3,100.9,101.1,10.35,10.25,10.3,0.508,142.2,850.7,0,1.696,323.7,11.74,11.72,11.73,3.615,2621
2110250400,0,1.127,1.069,317.3,18.17,1.846,0.721,0.423,0.559,101.5,101.2,101.4,10.29,10.17,10.22,0.508,142.7,850.6,0,1.711,323.8,11.73,11.72,11.73,3.411,2621
2110250410,0,0.9696,0.9611,291.7,7.56,1.699,0.854,0.589,0.719,101.7,101.3,101.5,10.21,10.09,10.15,0.254,143,850.7,0,1.726,323.8,11.73,11.62,11.72,3.259,2621
2110250420,0,1.418,1.404,294,8.11,2.091,0.986,0.722,0.876,101.7,101.4,101.5,10.13,10.01,10.07,0.762,143.8,850.8,0,1.718,323.8,11.73,11.71,11.72,3.123,2621
2110250430,0,0.7269,0.7086,304.3,11.39,1.699,1.152,0.854,0.986,101.7,101.3,101.5,10.04,9.93,9.99,0.508,144.3,850.8,0,1.726,323.8,11.73,11.71,11.72,3.035,2621
2110250440,0,0.3125,0.3085,294.6,7.24,0.7184,1.285,1.02,1.134,101.6,101.4,101.5,9.98,9.86,9.91,0.508,144.8,850.7,0,1.709,323.7,11.73,11.7,11.72,2.984,2621
2110250450,0,0.663,0.654,297.1,7.8,1.699,1.318,1.086,1.209,101.6,101.3,101.5,9.88,9.78,9.83,0.508,145.3,850.5,-3.94,1.828,320.4,11.73,11.7,11.72,2.966,2621
2110250500,0,1.069,0.9951,306.3,21.33,1.748,1.384,1.119,1.23,101.8,101.4,101.6,9.82,9.7,9.75,0.508,145.8,850.4,-3.749,2.354,323,11.72,11.71,11.72,2.966,2621
2110250510,0,0.869,0.8427,263.2,14.04,1.307,1.549,1.251,1.388,101.7,101.4,101.6,9.72,9.63,9.68,0.508,146.3,850.6,0,2.657,328.2,11.72,11.6,11.71,3,2621
2110250520,0,0.8963,0.8677,284,13.9,1.503,1.715,1.384,1.537,101.7,101.4,101.6,9.66,9.56,9.61,0.508,146.8,850.5,0,2.938,329.6,11.72,11.7,11.72,3.016,2621
2110250530,0,0.9482,0.8869,300.5,20.58,1.405,1.715,1.483,1.587,101.7,101.4,101.5,9.58,9.5,9.55,0.508,147.3,850.5,0,2.98,329.8,11.72,11.7,11.72,3.049,2621
2110250540,0,1.178,1.041,302.5,27.64,2.238,1.781,1.549,1.654,101.6,101.3,101.5,9.53,9.44,9.48,0.508,147.8,850.6,0,2.994,329.8,11.72,11.7,11.71,3.092,2621
2110250550,0,1.308,1.114,307.8,31.15,2.435,1.88,1.549,1.697,101.7,101.3,101.5,9.47,9.38,9.43,0.508,148.3,850.5,0,3.068,330.2,11.72,11.7,11.71,3.138,2621
2110250600,0,1.423,1.382,270.1,13.83,2.14,2.046,1.682,1.912,101.6,101.1,101.3,9.42,9.32,9.37,0.508,148.8,850.7,0,3.373,331.7,11.72,11.7,11.71,3.185,2621
2110250610,0,1.554,1.52,253.4,11.97,2.533,2.112,1.88,1.983,101.3,101,101.2,9.36,9.28,9.32,0.508,149.4,850.7,0,3.317,331.4,11.72,11.59,11.71,3.257,2621
2110250620,0,1.739,1.669,215.5,16.25,2.974,2.377,1.947,2.181,101.2,100.8,101.1,9.31,9.24,9.27,0.508,149.9,850.7,0,3.593,332.7,11.72,11.7,11.71,3.306,2621
2110250630,1,1.464,1.42,220.8,14.13,2.631,2.443,2.212,2.329,101,100.6,100.8,9.26,9.19,9.23,0.508,150.4,850.8,0,3.761,333.5,11.72,11.69,11.71,3.365,2621
2110250640,1,1.438,1.389,231.2,14.96,2.484,2.377,2.046,2.186,100.8,100.5,100.7,9.22,9.15,9.18,0.254,150.6,850.8,0,3.6,332.8,11.72,11.69,11.71,3.434,2621
2110250650,3,0.8315,0.6786,241.9,33.64,1.797,2.245,1.914,2.119,100.8,100.4,100.7,9.18,9.1,9.14,0.254,150.9,850.6,0,3.454,332,11.72,11.7,11.71,3.497,2621
2110250700,4,1.136,1.003,289.4,27.71,2.778,2.245,1.947,2.1,100.9,100.5,100.7,9.13,9.07,9.1,0.254,151.1,850.9,0,3.385,331.7,11.72,11.7,11.71,3.545,2621
2110250710,7,0.4582,0.06929,278,60.73,1.601,2.443,2.112,2.275,100.8,100.5,100.6,9.1,9.03,9.06,0.508,151.6,851,0,3.666,333.1,11.72,11.58,11.7,3.596,2621
2110250720,15,0.7086,0.6612,219.5,18.9,1.846,2.443,2.178,2.336,100.7,100.3,100.5,9.07,9,9.03,0.254,151.9,851.1,0,3.777,333.6,11.72,11.69,11.71,3.629,2621
2110250730,16,0.6008,0.4394,243.2,40.4,1.209,2.509,2.245,2.38,100.7,100.4,100.6,9.04,8.97,9,0.254,152.1,851.3,0,3.761,333.5,11.72,11.69,11.71,3.667,2621
2110250740,21,0.3277,0.2079,269,32.89,1.454,2.609,2.311,2.464,100.7,100.4,100.5,9,8.92,8.97,0.254,152.4,851.3,0,3.875,334.1,11.72,11.7,11.71,3.711,2621
2110250750,28,0.6741,0.6522,250.3,13.21,1.356,2.708,2.41,2.552,100.6,100.2,100.4,8.96,8.9,8.94,0,152.4,851.6,0,4.018,334.8,11.73,11.7,11.72,3.766,2621
2110250800,29,0.8024,0.7805,275.3,13.39,1.307,2.609,2.311,2.45,100.6,100.2,100.4,8.94,8.88,8.91,0.254,152.7,851.7,0,4.007,334.7,11.73,11.71,11.72,3.828,2621
2110250810,34,0.4323,0.3724,281.5,26.41,0.9142,2.774,2.443,2.598,100.5,100.1,100.3,8.91,8.84,8.88,0,152.7,851.7,0,4.121,335.3,11.78,11.61,11.74,3.906,2621
2110250820,41,0.2383,0.2383,1.121,0.345,0.8163,3.005,2.642,2.817,100.3,99.9,100.1,8.89,8.84,8.86,0.254,152.9,851.8,0,4.392,336.6,11.8,11.75,11.77,3.963,2621
2110250830,34,0.8637,0.8373,86.4,13.39,1.503,3.105,2.84,2.985,100.1,99.7,99.9,8.89,8.81,8.84,0,152.9,852.1,0,4.577,337.5,11.76,11.73,11.75,4.03,2621
2110250840,37,0.16,0.1591,72.6,3.094,1.16,3.269,2.971,3.125,100,99.4,99.8,8.85,8.8,8.82,0.254,153.2,852.3,0,4.571,337.4,11.78,11.73,11.76,4.113,2621
2110250850,45,0.9035,0.8963,64.64,7.26,1.405,3.335,3.07,3.192,99.8,99.2,99.5,8.83,8.77,8.8,0.254,153.4,852.5,0,4.736,338.2,11.81,11.77,11.79,4.21,2621
2110250900,46,0.7492,0.6102,306.1,29.89,1.601,3.434,3.168,3.286,99.6,99.1,99.3,8.82,8.77,8.79,0,153.4,852.5,0,4.978,339.4,11.83,11.77,11.8,4.311,2621
2110250910,62,0.4609,0.4336,313.8,16.57,1.013,3.534,3.202,3.378,99.4,99.1,99.3,8.81,8.76,8.78,0.508,153.9,852.7,0,5.028,339.7,11.95,11.7,11.87,4.437,2621
2110250920,90,0.7443,0.7233,290,12.95,1.209,3.568,3.266,3.412,99.4,98.9,99.1,8.81,8.75,8.77,0,153.9,852.7,0,5.388,341.4,12.16,11.95,12.06,4.553,2621
2110250930,118,0,0,0,0,0,4.029,3.334,3.64,99.2,98.8,99.1,8.8,8.74,8.76,0.254,154.2,853,0,5.624,342.6,12.46,12.15,12.29,4.692,2621
2110250940,166,0.5378,0.5177,172.2,11.54,1.699,4.493,3.93,4.231,99.1,98.4,98.8,8.79,8.74,8.76,0,154.2,853,0,6.418,346.5,12.7,12.45,12.59,4.867,2621
2110250950,206,1.078,0.9213,198.2,30.61,1.895,4.59,4.292,4.425,98.7,97.9,98.4,8.78,8.73,8.75,0,154.2,853.2,0,6.675,347.8,12.85,12.7,12.79,5.09,2621
2110251000,253,0.8051,0.7506,247.9,20.91,1.307,4.651,4.288,4.424,98.2,97.4,97.7,8.78,8.73,8.75,0,154.2,853,0,7.01,349.5,12.96,12.79,12.89,5.334,2621
2110251010,261,1.311,1.198,186.3,23.82,2.288,5.147,4.585,4.926,97.9,96.5,97.4,8.79,8.73,8.76,0,154.2,853.3,0,7.74,353.1,12.91,12.51,12.67,5.606,2621
2110251020,207,0.9741,0.9419,149.4,14.68,1.797,5.277,4.914,5.103,97.2,96,96.6,8.8,8.74,8.78,0,154.2,853.4,0,7.82,353.5,12.58,12.36,12.45,5.869,2621
2110251030,168,0.7345,0.5065,208.1,39.93,1.748,5.178,4.846,5.017,96.3,95.2,95.7,8.83,8.76,8.8,0,154.2,853.7,0,7.79,353.4,12.42,12.29,12.33,6.128,2621
2110251040,191,0.789,0.3585,148.8,55.77,2.043,5.408,4.945,5.176,95.8,94.2,95.3,8.87,8.79,8.83,0,154.2,854,0,7.81,353.4,12.4,12.27,12.35,6.366,2621
2110251050,245,1.533,0.6138,352.1,62.72,2.827,5.276,4.845,5.085,95.2,93.1,94.1,8.91,8.84,8.87,0,154.2,853.8,0,7.79,353.3,12.67,12.35,12.49,6.599,2621
2110251100,313,0.6482,0.511,242.2,34.04,1.405,6.136,5.11,5.7,94.9,92.9,94.1,8.95,8.88,8.91,0,154.2,854.1,0,8.65,357.7,12.92,12.58,12.78,6.87,2621
2110251110,517,1.694,1.48,160.9,28.78,4.153,6.5,6.004,6.306,93.7,88.9,92,9.01,8.91,8.97,0,154.2,854,1.712,9.8,365.3,13.13,12.83,13.01,7.2,2621
2110251120,727,0.9924,0.7662,213.7,37.51,2.582,7.89,6.335,7.12,91,87.2,89.6,9.07,8.98,9.02,0,154.2,854.3,0.679,12.05,376,13.28,13.09,13.2,7.66,2621
2110251130,738,2.579,2.378,299.3,22.64,5.525,7.86,6.732,7.07,88.3,82.6,84.6,9.13,9.04,9.08,0,154.2,854.1,7.5,13.12,388.5,13.34,13.24,13.29,8.45,2621
2110251140,725,3.608,3.451,307.1,16.85,6.111,7.25,6.732,6.973,86.5,78.9,82.9,9.22,9.1,9.15,0,154.2,854.1,5.977,11.79,379.9,13.41,13.15,13.32,9.51,2621
2110251150,714,3.634,3.313,268.5,24.09,6.062,7.81,6.922,7.27,82.6,74.1,79.2,9.31,9.19,9.24,0,154.2,854.1,3.64,11.66,376.9,13.37,13.28,13.32,10.51,2621
2110251200,741,3.67,3.456,269.7,19.59,5.964,7.71,7.21,7.51,78.7,71.5,75.1,9.42,9.28,9.36,0,154.2,854.2,5.107,11.8,379.1,13.41,13.22,13.38,11.37,2621
2110251210,669,3.617,3.46,281.4,16.87,6.701,7.71,7.25,7.4,79.2,70.2,73.8,9.59,9.41,9.49,0,154.2,854.3,1.874,11.43,373.9,13.39,12.86,13.3,12.09,2621
2110251220,708,3.567,3.393,299.6,17.98,5.771,8.04,7.54,7.75,77.7,67.99,72.8,9.76,9.56,9.65,0,154.2,854.2,1.412,11.95,376.2,13.38,13.12,13.32,12.66,2621
2110251230,577,3.429,3.223,293.7,19.82,5.964,8.37,7.84,8.14,74.8,65.54,69.48,9.89,9.71,9.81,0,154.2,854.3,1.385,12.36,378.3,13.35,12.76,13.19,13.24,2621
2110251240,551,3.71,3.505,293.4,19.24,6.996,8.23,7.57,7.85,71.8,65.63,68.54,10.05,9.87,9.96,0,154.2,854.3,0.136,11.31,371.5,13.37,12.81,13.16,13.68,2621
2110251250,796,4.086,3.549,264,29.45,7.729,9.16,8.1,8.54,71.2,60.27,66.97,10.19,10.02,10.1,0,154.2,854.5,1.955,13.01,382.3,13.35,13.29,13.3,14.02,2621
2110251300,723,3.581,3.317,265.7,21.86,7.095,8.53,7.8,8.11,72.9,63.34,66.99,10.31,10.15,10.23,0,154.2,854.4,1.684,12.62,380,13.35,13.23,13.31,14.43,2621
2110251310,677,3.451,3.241,273.8,20,6.799,8.36,7.76,8.05,72.9,62.84,66.9,10.41,10.29,10.35,0,154.2,854.4,1.005,12.69,379.7,13.35,13.28,13.3,14.86,2621
2110251320,660,3.536,3.201,270.9,25.04,7.144,8.75,7.73,8.22,72.7,61.62,66.76,10.53,10.39,10.46,0,154.2,854.5,0.353,13.14,381.4,13.33,13.28,13.29,15.2,2621
2110251330,454,3.822,3.545,261,21.96,7.144,8.92,8.26,8.58,68.4,58.41,63.35,10.64,10.5,10.57,0,154.2,854.8,0.027,12.74,379,13.32,12.78,13.03,15.41,2621
2110251340,295,3.8,3.545,261.3,21.11,7.39,9.05,8.29,8.68,68.1,57.22,62.58,10.74,10.61,10.67,0,154.2,854.9,-0.02699,11.75,373.7,13.06,12.79,12.84,15.46,2621
2110251350,660,3.929,3.737,266.6,17.86,8.762,9.02,8.32,8.71,65.85,55.76,60.61,10.85,10.71,10.78,0,154.2,855,-6.271,12.86,373.3,13.42,13.02,13.31,15.33,2621
2110251400,563,5.23,4.944,252.9,18.94,8.811,9.12,8.55,8.82,62.31,54.51,58.77,10.94,10.81,10.87,0,154.2,854.9,-22.04,12.68,356.5,13.37,13.31,13.34,15.29,2621
2110251410,540,3.983,3.634,252.6,24.09,7.144,9.21,8.82,9.02,61.98,53.68,56.93,11.02,10.91,10.96,0,154.2,855,-30.05,13.13,351,13.37,13.31,13.33,15.31,2621
2110251420,514,3.701,3.536,249.1,17.24,6.996,9.71,8.95,9.35,63.87,53.41,57.59,11.1,10.99,11.04,0,154.2,855.2,-32.19,13.66,351.6,13.35,13.3,13.32,15.42,2621
2110251430,502,3.634,3.371,247.4,21.72,7.095,9.68,9.08,9.35,61.22,51.36,56.2,11.15,11.06,11.11,0,154.2,855.2,-35.67,13.87,349.3,13.36,13.3,13.32,15.61,2621
2110251440,452,4.216,3.961,267.2,19.82,7.39,9.48,8.55,8.9,61.12,50.87,55.1,11.23,11.12,11.18,0,154.2,855.7,-35.69,13.38,346.6,13.35,12.86,13.21,15.85,2621
2110251450,505,4.377,4.019,257,23.22,7.34,9.12,8.55,8.89,61.25,52.46,56.67,11.28,11.19,11.23,0,154.2,855.8,-28.12,13.09,352.7,13.36,12.81,13.24,15.92,2621
2110251500,504,3.862,3.612,257,20.57,7.729,9.21,8.62,8.95,62.21,52.26,56.13,11.33,11.24,11.29,0,154.2,856,-48.73,13.62,334.9,13.38,13.31,13.34,15.94,2621
2110251510,436,4.359,4.14,244.2,18.1,7.729,9.38,8.98,9.2,61.49,51.4,55.21,11.38,11.29,11.33,0,154.2,855.9,-57.49,13.36,324.7,13.39,13.32,13.34,15.98,2621
2110251520,361,4.064,3.876,256.1,17.42,7.975,9.41,8.78,9.09,60,50.67,55.53,11.43,11.34,11.38,0,154.2,856.1,-72.99,13.12,307.9,13.36,13.04,13.32,16.02,2621
2110251530,323,4.059,3.791,270.5,20.85,8.024,8.85,8.32,8.5,61.29,52.03,56.16,11.47,11.39,11.43,0,154.2,856.2,-78.59,12.48,299,13.36,13.04,13.33,16.03,2621
2110251540,309,4.81,4.537,247.1,19.34,7.926,8.82,8.12,8.59,60.63,54.61,57.2,11.51,11.43,11.47,0,154.2,856.2,-77.19,12.11,298.4,13.38,13.32,13.33,15.96,2621
2110251550,310,4.47,4.113,266.9,22.88,9.348,8.39,7.69,8.01,60.79,55.43,57.8,11.54,11.46,11.51,0,154.2,856.3,-66.13,11.67,307.1,13.36,13.32,13.34,15.82,2621
2110251600,250,4.797,4.506,263.2,19.99,8.762,7.99,7.33,7.78,63.8,56.26,59.32,11.57,11.51,11.54,0,154.2,856.4,-70.49,11.22,300.4,13.42,13.33,13.37,15.65,2621
2110251610,195,4.426,4.055,280.8,23.41,8.123,7.56,6.965,7.31,66.91,60.49,63.08,11.58,11.53,11.56,0,154.2,856.6,-68.63,10.72,299.7,13.42,12.74,13.27,15.41,2621
2110251620,144,4.144,3.979,282.4,16.09,8.811,7.03,6.602,6.774,67.6,63.47,65.44,11.6,11.54,11.57,0,154.2,856.6,-86.59,9.72,276.5,13.42,12.72,13.36,15.07,2621
2110251630,94,3.979,3.652,270.5,23.24,7.926,6.998,6.701,6.869,65.95,61.12,63.21,11.58,11.54,11.56,0,154.2,856.9,-86.59,9.45,275.2,13.43,12.7,13.14,14.68,2621
2110251640,35,3.375,3.205,308.5,18.02,5.82,6.899,6.436,6.691,67.37,61.75,65.31,11.58,11.51,11.55,0,154.2,856.9,-86.49,8.82,272.1,13.07,12.47,12.64,14.13,2621
2110251650,17,3.339,3.161,282.6,18.78,5.914,6.641,6.443,6.535,65.29,60.37,62.51,11.56,11.49,11.52,0,154.2,857.1,-81.19,8.36,275.1,12.48,12.37,12.41,13.52,2621
2110251700,14,3.858,3.652,278,18.58,6.75,6.611,6.316,6.459,65.04,60.31,62.68,11.53,11.45,11.49,0,154.2,857.3,-77.59,8.2,277.8,12.48,12.35,12.41,12.88,2621
2110251710,5,4.882,4.609,264.8,19.15,8.762,6.416,6.086,6.267,65.31,61.34,63.48,11.48,11.41,11.45,0,154.2,857.5,-79.59,7.77,273.7,12.48,12.32,12.38,12.24,2621
2110251720,2,4.654,4.444,267.7,17.17,9.692,6.219,5.888,6.071,66.66,63.46,64.73,11.44,11.35,11.4,0,154.2,857.5,-81.29,7.65,271.4,12.38,12.3,12.32,11.62,2621
2110251730,0,3.867,3.742,285,14.5,6.406,6.054,5.69,5.901,67.86,64.28,65.87,11.38,11.29,11.34,0,154.2,857.7,-79.59,7.35,271.5,12.36,12.29,12.31,11.01,2621
2110251740,0,2.904,2.719,302.2,20.4,5.23,5.922,5.591,5.731,68.12,65.14,66.72,11.33,11.22,11.27,0,154.2,858,-78.89,6.92,270.1,12.35,12.28,12.29,10.49,2621
2110251750,0,2.254,1.986,294,27.93,5.476,5.757,5.492,5.615,68.42,65.97,67.05,11.25,11.15,11.2,0,154.2,858.1,-78.79,6.799,269.6,12.33,12.26,12.29,10.05,2621
2110251800,0,2.848,2.717,287.7,17.38,5.771,5.757,5.525,5.654,67.82,65.24,66.26,11.17,11.08,11.13,0,154.2,858.2,-77.09,6.854,271.6,12.39,12.26,12.32,9.66,2621
2110251810,0,3.205,3.083,276.4,15.78,5.722,5.76,5.525,5.652,67.76,64.68,65.97,11.1,10.99,11.05,0,154.2,858.3,-71.59,6.882,277.2,12.39,12.24,12.29,9.26,2621
2110251820,0,3.952,3.836,275.8,13.94,6.111,5.729,5.465,5.605,67.57,64.76,66.1,11.02,10.91,10.97,0,154.2,858.5,-78.79,6.897,270.1,12.3,12.23,12.25,8.93,2621
2110251830,0,3.755,3.648,285.1,13.73,6.75,5.634,5.304,5.454,68.83,65.82,67.37,10.94,10.82,10.88,0,154.2,858.4,-78.79,6.892,270.1,12.3,12.22,12.24,8.7,2621
2110251840,0,4.493,4.394,284.8,11.98,6.701,5.439,5.206,5.34,69.43,66.72,67.97,10.85,10.74,10.8,0,154.2,858.6,-79.09,6.776,269.2,12.28,12.21,12.23,8.52,2621
2110251850,0,4.6,4.488,284.4,12.64,7.729,5.505,5.173,5.308,69.27,64.97,67.51,10.76,10.66,10.72,0,154.2,858.6,-79.49,6.67,268.3,12.28,12.2,12.22,8.29,2621
2110251900,0,4.658,4.542,281.7,12.61,7.729,5.506,5.208,5.369,68.18,65.03,66.63,10.69,10.58,10.64,0,154.2,858.8,-79.39,6.798,269,12.34,12.21,12.27,8.13,2621
2110251910,0,4.904,4.757,280,14.02,7.926,5.44,5.176,5.309,67.55,65.73,66.7,10.61,10.49,10.56,0,154.2,858.8,-79.49,6.594,267.9,12.35,12.19,12.24,7.98,2621
2110251920,0,4.725,4.591,286.3,13.61,7.533,5.374,5.011,5.23,68.91,66.22,67.37,10.52,10.42,10.47,0,154.2,859,-78.89,6.534,268.2,12.25,12.18,12.19,7.83,2621
2110251930,0,3.724,3.639,291.4,12.27,5.87,5.275,5.011,5.12,69.47,65.23,67.6,10.45,10.34,10.39,0,154.2,859.3,-78.89,6.478,267.9,12.24,12.17,12.19,7.71,2621
2110251940,0,4.073,3.979,290,12.37,6.16,5.242,4.845,5.052,67.91,64.97,66.31,10.37,10.26,10.31,0,154.2,859.3,-78.89,6.352,267.3,12.24,12.16,12.18,7.58,2621
2110251950,0,4.229,4.149,296.1,11.11,6.898,5.044,4.779,4.902,68.58,65.2,66.75,10.29,10.19,10.24,0,154.2,859.5,-73.79,6.127,271.2,12.23,12.15,12.17,7.45,2621
2110252000,0,4.059,3.979,295.2,11.37,6.062,5.143,4.845,4.982,67.75,65.33,66.36,10.2,10.11,10.16,0,154.2,859.6,-74.59,6.25,271,12.3,12.15,12.22,7.34,2621
2110252010,0,3.514,3.415,294.3,13.68,5.673,5.077,4.779,4.959,67.95,65.36,66.5,10.13,10.03,10.08,0,154.2,859.6,-78.79,6.123,266.3,12.3,12.07,12.19,7.24,2621
2110252020,0,2.908,2.821,290.7,13.99,4.64,4.945,4.58,4.784,69.87,66.69,67.91,10.06,9.95,10,0,154.2,859.6,-78.79,5.889,265.1,12.21,12.13,12.16,7.14,2621
2110252030,0,3.183,3.101,293.8,12.84,4.935,4.845,4.58,4.751,68.94,66.85,67.97,9.97,9.87,9.93,0,154.2,859.8,-78.79,5.69,264.1,12.21,12.13,12.15,7.04,2621
2110252040,0,3.482,3.42,306.8,10.86,5.82,4.911,4.547,4.736,69.34,66.62,67.82,9.91,9.81,9.86,0,154.2,859.9,-78.79,5.702,264.1,12.19,12.13,12.14,6.875,2621
2110252050,0,3.393,3.308,313,12.92,5.673,5.044,4.68,4.883,68.31,65.93,67.06,9.85,9.73,9.79,0,154.2,860.1,-78.79,6.031,265.8,12.19,12.11,12.13,6.741,2621
2110252100,0,2.375,2.313,280.6,13.02,4.591,5.077,4.779,4.932,67.19,64.8,65.9,9.77,9.68,9.72,0,154.2,860.2,-78.79,5.745,264.4,12.26,12.11,12.19,6.651,2621
2110252110,0,3.563,3.478,296,12.5,5.673,4.945,4.614,4.81,67.42,65.6,66.29,9.7,9.6,9.65,0,154.2,860.2,-79.09,5.732,264.1,12.27,12.11,12.16,6.588,2621
2110252120,0,3.831,3.751,304.6,11.88,6.062,4.878,4.647,4.751,67.75,65.56,66.79,9.64,9.54,9.59,0,154.2,860.3,-79.29,5.775,264,12.17,12.1,12.12,6.515,2621
2110252130,0,3.648,3.581,299.8,11.14,6.209,4.945,4.68,4.805,67.28,64.84,66.14,9.57,9.48,9.52,0,154.2,860.4,-79.29,5.863,264.4,12.17,11.94,12.11,6.401,2621
2110252140,0,4.497,4.399,311.1,11.85,6.504,5.077,4.812,4.921,65.86,63.94,64.84,9.5,9.42,9.46,0,154.2,860.5,-79.89,6.074,264.9,12.15,12.09,12.11,6.331,2621
2110252150,0,4.113,4.028,305.3,11.69,6.701,5.044,4.746,4.914,66.66,63.74,64.93,9.44,9.34,9.39,0,154.2,860.6,-79.29,6.088,265.6,12.16,12.08,12.11,6.308,2621
2110252200,0,4.332,4.202,310.3,14.02,7.242,5.209,4.878,5.079,65.27,62.68,63.77,9.38,9.28,9.33,0,154.2,860.8,-80.79,6.166,264.5,12.23,12.08,12.16,6.332,2621
2110252210,0,3.898,3.769,306.9,14.75,6.013,5.309,5.044,5.158,64.14,62.12,62.97,9.32,9.23,9.27,0,154.2,860.8,-80.49,6.178,264.8,12.24,12.08,12.13,6.299,2621
2110252220,0,3.791,3.652,330.5,15.52,8.172,5.242,4.746,4.993,65.8,62.06,64.06,9.26,9.16,9.21,0,154.2,860.9,-79.59,6.14,265.5,12.14,12.07,12.09,6.277,2621
2110252230,0,3.532,3.415,326.7,14.57,5.23,4.845,4.415,4.565,67.05,65.07,66.1,9.2,9.11,9.15,0,154.2,861,-78.79,5.792,264.6,12.14,12.07,12.09,6.28,2621
2110252240,0,3.697,3.621,325.2,11.62,6.308,4.713,4.448,4.582,66.92,64.84,65.71,9.14,9.05,9.09,0,154.2,861.1,-73.69,5.753,269.5,12.14,12.06,12.08,6.26,2621
2110252250,0,3.684,3.603,323.8,11.95,6.652,4.713,4.415,4.572,66.69,64.47,65.71,9.08,9,9.04,0,154.2,861.1,-78.79,5.722,264.3,12.13,12.06,12.08,6.157,2621
2110252300,0,3.527,3.469,318.6,10.52,5.476,4.714,4.448,4.579,66.82,64.67,65.62,9.03,8.93,8.98,0,154.2,861.2,-78.79,5.801,264.7,12.21,12.06,12.13,6.094,2621
2110252310,0,3.21,3.152,328.2,10.77,4.984,4.781,4.384,4.583,66.39,64.81,65.56,8.96,8.89,8.93,0,154.2,861.1,-77.49,5.778,265.8,12.21,12.06,12.1,6.027,2621
2110252320,0,2.836,2.756,326.1,13.53,4.251,4.648,4.317,4.5,67.22,64.24,65.43,8.92,8.83,8.88,0,154.2,861.1,-70.79,5.584,271.6,12.12,12.04,12.06,5.942,2621
2110252330,0,2.081,1.925,336.5,22.16,3.563,4.68,4.417,4.573,65.6,64.11,64.85,8.86,8.79,8.82,0,154.2,861.3,-70.59,5.305,270.4,12.11,12.04,12.06,5.864,2621
2110252340,0,1.716,1.039,29.35,50.08,4.345,4.813,4.383,4.548,67.02,64.04,65.33,8.81,8.73,8.77,0,154.2,861.3,-70.89,5.056,268.9,12.11,12.04,12.05,5.782,2621
2110252350,0,1.781,1.654,151.4,21.57,2.925,4.846,3.389,4.207,74.8,64.24,69.55,8.76,8.68,8.72,0,154.2,861.3,-69.66,4.785,268.8,12.1,12.03,12.05,5.683,2621